,States,Municipalities,emi_2018,emi_agri_2018,emi_luc_2018,emi_energy_2018,emi_waste_2018,pib_2018,population,Agriculture and Livestock,LUC,Energy,Waste,group
0,TO,AbreulÃ¢ndia,415469.12,127828.13,286357,530.51,753.48,52402.19,2564,0.30767179519864196,0.6892377464780054,0.0012768939361847158,0.001813564387167932,0
1,MA,AÃ§ailÃ¢ndia,2012738.16,701929.89,1033654,221796.36,55357.9,2602790.66,111757,0.3487437680418401,0.5135561199873112,0.11019633075372308,0.027503776248769488,0
2,MA,Afonso Cunha,77780.74,7322.15,59017,10089.06,1352.53,50235.77,6468,0.09413834324538439,0.7587611020414565,0.12971154555742204,0.01738900915573701,4
3,MA,Ãgua Doce do MaranhÃ£o,28598.69,6986.73,15176,3941.72,2494.25,86186.06,12488,0.24430244881845986,0.5306536767942868,0.13782869075471638,0.08721553329890286,0
4,TO,AguiarnÃ³polis,116760.47,20766.03,31678,62457.73,1858.71,124903.42,6571,0.1778515451333829,0.27130757524357346,0.5349218789544099,0.015919000668633828,1
5,MA,Aldeias Altas,106818.73,47702.45,49673,3783.43,5659.85,181358.03,26301,0.446573835880655,0.46502144333676315,0.035419162912721396,0.05298555786986047,2
6,TO,AlianÃ§a do Tocantins,277772.18,151950.37,120962,2676.74,2183.07,103534.84,5434,0.547032355796034,0.43547197563125295,0.009636458193905522,0.007859210378807555,2
7,TO,Almas,383090.52,126189.01,250038,4211.05,2652.46,151995.04,7130,0.3293973706266602,0.6526864721163029,0.010992310642403785,0.006923846614633011,0
8,MA,Alto Alegre do MaranhÃ£o,274772.3,32946.78,127225,106507.39,8093.13,268927.23,26838,0.11990575469215783,0.4630197439843827,0.387620549815247,0.029453951508212436,5
9,MA,Alto ParnaÃ­ba,270561.3,126584.2,114376,26486.13,3114.98,349151.41,11167,0.46785774610042163,0.42273599365467274,0.09789326854949323,0.01151302865561335,2
10,TO,Alvorada,430641.63,139091.98,61904,158337.23,71308.42,271677.19,8426,0.3229877705970972,0.1437482948408866,0.36767748162201597,0.16558645294000024,5
11,PI,Alvorada do GurguÃ©ia,307633.5,20264.57,279419,6717.48,1232.45,70754.59,5392,0.06587244237054807,0.9082853460367613,0.021835983402327768,0.004006228190362883,4
12,MA,Amarante do MaranhÃ£o,1508035.91,525488.77,961908,11136.84,9502.3,314235.32,41135,0.3484590562568235,0.6378548372896505,0.007384996554889731,0.0063011098986363,0
13,TO,AnanÃ¡s,476973.3,174487.18,286151,9529.37,6805.75,131056.67,9606,0.36582169274464627,0.599930855668441,0.01997883319674288,0.014268618390169848,0
14,MA,Anapurus,123113.07,10303.4,105561,3612.08,3636.59,131751.24,15565,0.0836905456098203,0.8574313027853175,0.029339533162482258,0.029538618442379837,4
15,BA,Angical,205522.55,177527.91,20907,2672.32,4415.31,134673.55,14017,0.8637879882280558,0.10172606363632604,0.013002563465663503,0.021483336013493413,3
17,PI,AntÃ´nio Almeida,47394.61,10233.8,26943,8966.46,1251.34,136648.84,3158,0.2159275073684539,0.5684823653997786,0.18918733585949962,0.026402580377810892,0
18,TO,Aparecida do Rio Negro,278567.93,72021.08,199135,5800.94,1610.91,102279.76,4740,0.25854045725938374,0.7148525675586562,0.020824148709436868,0.005782826472523237,0
19,TO,Aragominas,801458.31,180343.76,618799,251.54,2064.01,64347.88,5785,0.2250195147393256,0.7720913143941324,0.0003138528815054647,0.0025753179850365516,4
20,TO,Araguacema,502404.24,137355.94,358411,4677.16,1960.15,126453.09,7016,0.2733972547683913,0.7133916704206159,0.009309555190059701,0.0039015395252237524,0
21,TO,AraguaÃ§u,1057182.96,715075.53,328580,5977.17,7550.25,192400.61,8567,0.6763971394317594,0.3108071284085018,0.005653865249587451,0.007141857451050857,3
22,TO,AraguaÃ­na,1314710.54,476287.96,410313,357827.03,70282.55,4387503.32,177517,0.3622759120802363,0.3120937936650299,0.2721717207804541,0.05345857347427974,5
23,TO,AraguanÃ£,639276.55,191305.09,436788,6066.77,5116.69,147237.72,8677,0.299252475317607,0.6832535934565408,0.009490055594875176,0.00800387563097692,0
24,TO,Araguatins,1301835.09,310540.61,956862,21222.45,13210.03,426291.95,35346,0.2385406664679779,0.7350101463312069,0.01630194958103334,0.01014723761978178,4
25,MA,Araioses,88626.77,30219.15,32563,15327.33,10517.29,269874.17,46103,0.3409709052919338,0.36741720362820396,0.1729424416573006,0.11866944942256161,5
26,MA,Arame,1039423.75,283348.57,728941,17848.67,9285.5,233586.51,32636,0.2726015929499398,0.701293384916402,0.017171697298623393,0.008933315214319473,0
27,TO,Arapoema,600125.95,287281.12,305093,4300.78,3451.06,288624.46,6670,0.47870137926880185,0.5083816155592006,0.007166462306787433,0.005750559528379002,2
28,TO,Arraias,655074.0,385641.26,243057,22617.7,3758.04,185519.91,10600,0.5886987729630546,0.37103747057584335,0.034526938941249384,0.005736817519852719,2
29,TO,AugustinÃ³polis,256552.04,121215.93,115868,12897.65,6570.46,253786.07,18177,0.4724808658703318,0.45163546545956135,0.05027303622298228,0.025610632447124568,2
30,TO,Aurora do Tocantins,124787.38,92731.47,28596,1492.86,1967.05,42070.71,3730,0.7431157702004801,0.2291577882314702,0.011963228973955539,0.01576321259409405,3
31,PI,Avelino Lopes,42592.28,31072.2,2281,4581.86,4657.23,79068.61,11252,0.7295265714819681,0.053554306085515965,0.10757489385400358,0.10934446336284415,3
32,TO,AxixÃ¡ do Tocantins,92525.38,67784.99,14514,6586.71,3639.68,120576.53,9724,0.7326096904438545,0.15686506772520145,0.07118814318838787,0.03933709864255623,3
33,TO,BabaÃ§ulÃ¢ndia,231493.58,109224.02,117782,1809.53,2678.04,105415.16,10661,0.4718231062822563,0.508791647699258,0.007816761052293546,0.011568528163934395,2
34,MA,Bacabal,494153.25,205134.49,185761,65408.71,37849.05,1138527.68,104633,0.41512322341297964,0.3759177947327069,0.13236523285033538,0.07659374900397803,5
35,BA,BaianÃ³polis,840949.86,78770.39,752883,6033.23,3263.25,171337.97,13823,0.093668354971841,0.8952769193635397,0.0071743040661187574,0.003880433489815909,4
36,PI,Baixa Grande do Ribeiro,1089394.29,187763.52,734734,163499.93,3396.84,953257.51,11496,0.1723558877842108,0.6744426758469607,0.15008333667693446,0.003118099691893924,4
37,MA,Balsas,1737261.47,327591.79,1135186,238507.6,35976.08,3457728.27,93825,0.18856792466593988,0.6534341661304444,0.13728940871520048,0.020708500488415254,0
38,TO,Bandeirantes do Tocantins,324260.36,292527.36,28704,1441.43,1587.57,120313.0,3511,0.9021372825219832,0.08852145849711633,0.0044452858807656915,0.004895973100134719,3
39,MA,BarÃ£o de GrajaÃº,150298.62,32982.24,85740,26528.58,5047.81,207520.16,18714,0.21944472943264548,0.5704643196324757,0.17650581222901449,0.03358520524007473,0
40,MA,Barra do Corda,1595140.78,272482.87,1228381,67637.99,26638.92,723386.24,87793,0.17082057798058425,0.7700768580438399,0.04240252073550524,0.016700043240070635,4
41,TO,Barra do Ouro,235631.5,62754.42,170111,1582.27,1183.81,56131.44,4549,0.26632440908791905,0.7219365831817902,0.006715019002128324,0.005023988728162406,0
42,BA,Barreiras,1331598.43,301425.94,609964,347780.28,72428.2,4744485.92,153830,0.2263639947367616,0.45806902911413017,0.26117504509223555,0.054391923547101206,5
43,PI,Barreiras do PiauÃ­,39013.42,11320.6,26691,195.9,805.92,27411.94,3344,0.29017194596115903,0.6841491978913923,0.0050213490639887505,0.020657507083459998,0
44,MA,Barreirinhas,103401.38,22039.56,39699,25898.82,15763.99,485468.72,61828,0.21314570463179505,0.38393104618139523,0.2504688041881066,0.15245434828819499,5
45,TO,BarrolÃ¢ndia,220730.12,118553.26,69445,30379.41,2352.46,93732.05,5613,0.5370959794703143,0.31461496962897495,0.13763146597301718,0.010657630231886796,2
46,MA,BelÃ¡gua,9483.64,2728.46,4359,474.29,1921.89,46498.85,7408,0.28770176851926055,0.4596336427785112,0.050011388032443246,0.20265320066978504,0
47,MA,Benedito Leite,170356.43,27541.9,141075,246.69,1492.84,42865.15,5627,0.16167220691346962,0.8281166727901025,0.0014480815311755477,0.008763038765252359,4
48,MA,Bernardo do Mearim,101392.55,51403.29,46968,967.35,2053.92,49436.9,6011,0.5069730468362813,0.46322930037759186,0.00954064179271554,0.020257109619986873,2
49,TO,Bernardo SayÃ£o,252417.07,194507.68,53825,2169.45,1914.94,74747.08,4469,0.7705805316573875,0.21323835190702434,0.008594703995256739,0.007586412440331393,3
50,PI,BertolÃ­nia,51036.26,21180.66,26209,2274.04,1372.56,58725.66,5494,0.4150119934336881,0.5135368461560467,0.04455734021262529,0.026893820197639872,2
51,PI,Bom Jesus,1192038.04,387426.1,683016,105021.1,16574.83,908344.9,24960,0.3250115239610977,0.5729817145768268,0.0881021380827746,0.013904614990306855,0
52,BA,Bom Jesus da Lapa,204785.17,116684.55,18317,46790.87,22992.74,1010113.45,68609,0.5697900389954995,0.089444953460253,0.2284875901902467,0.11227736852233977,3
53,TO,Bom Jesus do Tocantins,1784560.84,555751.92,1212901,6154.48,9753.43,74015.73,4779,0.31142223203777125,0.6796635748210187,0.003448736440949808,0.0054654510966406725,0
54,MA,Bom Lugar,117501.52,90615.56,21608,2189.67,3088.29,89850.92,16148,0.7711862791221764,0.18389549343702105,0.01863524829295825,0.026282979147844214,3
55,TO,BrasilÃ¢ndia do Tocantins,224120.13,75336.9,133027,14748.01,1008.21,41055.33,2190,0.336145173572762,0.5935522168401384,0.06580404000301089,0.004498524965160426,0
56,TO,Brejinho de NazarÃ©,260915.4,128412.18,127207,3077.57,2218.65,193607.86,5474,0.49216021744979405,0.48754117234935157,0.011795279236104884,0.008503330964749494,2
57,MA,Brejo,143899.79,38621.81,82800,14776.24,7701.73,292085.64,36139,0.26839378987279966,0.575400422752528,0.10268423602286007,0.05352148185900757,0
58,BA,BrejolÃ¢ndia,332931.01,144611.09,182412,2918.73,2989.19,84905.18,10493,0.43435752650376425,0.5478972955988689,0.008766771229871318,0.008978406667495466,2
59,MA,Buriti,212114.89,28639.19,169654,7956.63,5865.07,202493.04,28556,0.1350173483813418,0.7998212666729808,0.0375109451297832,0.027650439815894108,4
60,MA,Buriti Bravo,323642.59,58600.0,254925,5334.88,4782.71,169439.01,23826,0.1810639322840668,0.7876744528586302,0.0164838626461369,0.014777752211166026,4
61,TO,Buriti do Tocantins,141881.56,64319.75,67613,5695.36,4253.45,97767.48,11196,0.453334104868878,0.47654536643098655,0.040141650542889436,0.029978878157246085,2
62,MA,Buritirana,387137.13,131840.69,249835,1779.4,3682.04,99444.77,15392,0.34055294567069816,0.6453398050453079,0.004596304157134192,0.009510945126859828,0
63,TO,Cachoeirinha,281357.23,43839.96,40509,152112.38,44895.88,27213.28,2266,0.15581600657640823,0.14397710696824817,0.5406378929732853,0.15956895794005366,1
64,MA,Campestre do MaranhÃ£o,252390.0,142072.76,62015,43314.56,4987.67,165388.08,14294,0.5629096239946115,0.2457110028131067,0.1716175759736915,0.019761757597369152,3
65,TO,Campos Lindos,490215.52,173232.04,297783,16903.34,2297.13,306489.51,9916,0.35337934629242257,0.6074532279190181,0.034481446038264967,0.004685959351103368,0
66,BA,CanÃ¡polis,246428.94,174123.76,50026,14192.1,8087.08,65720.12,9719,0.7065881142044437,0.203003754348008,0.057591044298612004,0.03281708714893632,3
67,MA,Cantanhede,224529.95,24190.13,191871,2461.31,6007.5,124459.36,21872,0.10773676295745846,0.8545452399557386,0.010962056509610409,0.02675589603970428,4
68,MA,Capinzal do Norte,184389.55,66856.16,112723,2198.97,2611.42,143909.92,10931,0.3625810681787553,0.6113307397300987,0.011925675831412354,0.014162516259733809,0
69,BA,Carinhanha,155291.85,116535.87,17381,13094.3,8280.68,214413.88,28964,0.7504313330029876,0.11192474041619055,0.08432058733281882,0.05332333924800303,3
70,TO,Cariri do Tocantins,358240.36,138320.61,75542,142885.54,1492.21,348872.68,4321,0.38611118523887145,0.2108695960443988,0.39885383098654775,0.004165387730182049,5
71,TO,CarmolÃ¢ndia,89694.89,66983.94,19008,2867.25,835.7,36914.93,2556,0.7467977272729807,0.2119184270140696,0.0319667040117893,0.009317141701160457,3
72,MA,Carolina,1278968.15,227404.08,1029854,11994.68,9715.39,322915.87,24336,0.17780277014716903,0.805222553822001,0.009378403989184563,0.007596272041645447,4
73,TO,Carrasco Bonito,123857.09,42946.41,78927,394.66,1589.02,39834.81,4058,0.34674163586436596,0.6372424864817994,0.0031864142779391962,0.012829463375895559,0
74,TO,Caseara,355851.99,128368.07,188116,38045.84,1322.07,158693.79,5294,0.3607344446774065,0.5286355150072366,0.10691478780264795,0.0037152244111379002,0
75,BA,CatolÃ¢ndia,133495.25,24715.36,51341,55402.83,2036.06,85279.58,3555,0.18514037016298332,0.38459046295654714,0.41501723844106814,0.015251928439401402,5
76,MA,Caxias,658919.66,97250.44,354636,147450.3,59582.92,1814096.14,164224,0.14759073966619846,0.5382082544023652,0.22377583937926512,0.09042516655217116,5
77,TO,CentenÃ¡rio,334172.05,70776.04,258150,3230.62,2015.39,34299.96,2874,0.211795211478638,0.7725062583779823,0.009667535031729914,0.006030995111649823,4
78,TO,Chapada da Natividade,234329.05,80015.0,149617,3419.48,1277.57,64179.91,3334,0.34146427854335604,0.6384910449643354,0.014592642269492409,0.005452034222816164,0
80,MA,Chapadinha,293196.81,39628.24,197060,36729.65,19778.92,712070.94,79145,0.13515917857360044,0.6721082674808092,0.12527302053525072,0.06745953341033963,4
81,MA,CidelÃ¢ndia,530254.51,199487.35,281636,44956.66,4174.5,130419.32,14617,0.3762105672613704,0.5311336248700648,0.08478317327277424,0.007872634595790613,0
82,BA,Cocos,543893.14,109487.59,419028,9936.82,5440.72,317898.98,18746,0.20130349502109918,0.7704233960369494,0.018269802042364423,0.010003288513622364,4
83,MA,CodÃ³,1616341.21,212846.61,1317333,47292.27,38869.33,963180.19,122597,0.13168420670286565,0.8150092269193582,0.02925884071222808,0.024047725665548057,4
84,MA,Coelho Neto,174159.02,52263.36,95923,12575.18,13397.48,367499.57,49245,0.30008988337210446,0.5507782485225284,0.07220516054810139,0.07692670755726577,0
85,MA,Colinas,518819.51,178470.33,299247,28274.83,12827.34,383544.51,41042,0.3439930969442533,0.576784400417016,0.05449839386340734,0.024724089500797686,0
86,TO,Colinas do Tocantins,427936.23,219929.37,49463,141272.09,17271.77,726144.22,34989,0.5139302414287288,0.1155849786310451,0.33012416359325314,0.04036061634697301,5
87,TO,ColmÃ©ia,295839.71,199258.58,85239,7010.15,4331.97,144705.8,8269,0.6735356115647895,0.288125620458457,0.023695770929467175,0.014642963245197881,3
88,PI,ColÃ´nia do GurguÃ©ia,22328.77,12786.24,2418,5137.95,1986.59,59583.97,6451,0.5726352145684692,0.10829078359443892,0.23010447955709157,0.08896997013270323,3
89,TO,Combinado,68547.83,50155.31,11045,4733.39,2614.14,67451.44,4842,0.7316834099635247,0.16112836832325692,0.06905236825148221,0.038135999345274674,3
90,TO,ConceiÃ§Ã£o do Tocantins,191363.27,66524.61,119807,3684.9,1346.76,52034.61,4123,0.3476352071115842,0.6260710323355156,0.019256046366682593,0.007037714186217658,0
91,BA,Coribe,178601.19,124732.26,44990,4921.07,3957.86,125813.87,14240,0.6983842604856104,0.25190201700223835,0.027553399840169038,0.0221603226719822,3
92,MA,CoroatÃ¡,692803.77,83159.03,573976,14851.15,20817.6,457343.66,65043,0.12003258873721198,0.8284827895783534,0.021436300786873603,0.030048335331662526,4
93,PI,Corrente,434249.6,74340.25,330868,19786.7,9254.65,453884.35,26575,0.1711924432400168,0.7619304657966295,0.04556526937503225,0.021311821588321556,4
94,BA,Correntina,1991731.82,371215.01,1366565,244717.75,9234.07,1944161.68,32081,0.18637800846099853,0.6861189776041234,0.12286681748148201,0.004636201474152278,4
95,BA,Cotegipe,407772.0,171359.03,227414,4548.73,4450.24,126742.61,13795,0.4202324583345595,0.557698910175294,0.011155081761376454,0.010913549728769999,0
96,TO,Couto MagalhÃ£es,276998.62,122803.45,122646,29634.56,1914.62,116360.32,5536,0.44333596318999713,0.44276754880583885,0.1069845041105259,0.0069120199949010575,2
97,TO,CristalÃ¢ndia,449264.46,161304.89,274447,10263.94,3248.63,109929.26,7300,0.35904217751833745,0.6108807271334127,0.022846098264705825,0.007230997083544067,0
98,PI,CristalÃ¢ndia do PiauÃ­,148094.07,40893.75,103601,1376.77,2222.55,56682.87,8264,0.2761336088609085,0.6995621094078919,0.009296591011375404,0.01500769071982423,0
99,PI,Cristino Castro,104785.98,11054.51,80549,9757.42,3425.05,101930.95,10401,0.10549607876931628,0.7687001638959716,0.09311760981764927,0.03268614751706288,4
100,BA,CristÃ³polis,152578.87,52720.92,76432,19223.87,4202.07,111539.58,13871,0.3455322483381873,0.500934369221636,0.12599300283191245,0.02754031406838968,0
101,TO,CrixÃ¡s do Tocantins,203651.11,89570.27,107892,5487.69,701.15,43539.38,1708,0.43982215466441604,0.5297884209911746,0.02694652634105456,0.0034428980033548552,2
102,PI,CurimatÃ¡,64569.26,48405.66,7145,5559.43,3459.17,102026.77,11347,0.7496703539733923,0.1106563711586597,0.0861002588538261,0.05357301601412189,3
103,PI,Currais,337381.02,78000.62,254880,2671.77,1828.63,272393.29,4938,0.23119445189892424,0.7554663270625004,0.007919147318957065,0.005420073719618252,4
104,TO,DarcinÃ³polis,413848.31,64347.29,310464,36711.53,2325.5,186127.77,6017,0.1554852066449178,0.7501879130544232,0.08870769582217214,0.005619208641929697,4
105,MA,DavinÃ³polis,211456.12,131161.06,73944,1858.94,4492.12,485713.11,12901,0.620275544637819,0.3496895715290719,0.008791138322220232,0.02124374551088897,2
106,TO,DianÃ³polis,412835.43,99296.25,257783,46207.73,9548.45,347680.69,21849,0.24052259758809946,0.6244207286181809,0.11192772383901256,0.023128949954707136,0
107,TO,DivinÃ³polis do Tocantins,423349.54,221694.51,186140,12909.8,2605.23,123060.56,6856,0.5236677710810789,0.4396839547764715,0.030494423119014135,0.0061538510234356225,2
108,TO,Dois IrmÃ£os do Tocantins,807614.67,300531.55,501485,3791.03,1807.09,102496.58,7211,0.37212245042552283,0.6209458775680734,0.004694107401491357,0.0022375646049123893,0
109,MA,Dom Pedro,185136.8,43035.27,106218,28004.1,7879.44,229838.91,23328,0.23245119284766724,0.5737271034175809,0.15126166164695512,0.04256009610190951,0
110,TO,DuerÃ©,852479.09,339996.85,502927,7750.67,1804.57,115318.0,4686,0.3988330669788041,0.5899581654255004,0.00909191801994815,0.0021168495757473652,0
111,MA,Duque Bacelar,57245.47,10914.27,41670,1858.1,2803.1,77042.93,11296,0.19065735681792814,0.7279178597013877,0.03245846352558551,0.048966319955098626,4
112,PI,Eliseu Martins,28238.99,13814.56,6421,5879.56,2123.88,44728.9,4899,0.48920163221135027,0.22738065348654465,0.20820716321653146,0.07521090520588732,5
113,TO,Esperantina,204157.62,91627.86,75138,24733.21,12658.55,464396.13,26261,0.4488094052036853,0.3680391650333698,0.12114762113704107,0.06200380862590384,2
114,MA,EsperantinÃ³polis,153393.02,44927.29,96017,7170.88,5277.85,140506.4,17378,0.2928900545800585,0.6259541666237486,0.046748411368392126,0.034407367427800824,0
115,MA,Estreito,923233.48,243324.75,613612,51279.88,15016.85,983067.57,41355,0.2635571123352242,0.6646336092577578,0.055543782922603716,0.016265495484414194,0
116,TO,FÃ¡tima,124012.49,76924.06,20414,20869.83,5804.6,237730.4,8737,0.6202928430837893,0.16461245153613155,0.16828812968758228,0.04680657569249678,3
117,BA,Feira da Mata,62070.42,51301.35,6722,2004.93,2042.14,45470.67,5667,0.8265023822941749,0.10829635114439375,0.03230089308240544,0.03290037347902592,3
118,MA,Feira Nova do MaranhÃ£o,379747.65,130758.26,243651,3468.2,1870.19,75697.17,8481,0.3443293460802193,0.6416129237402786,0.009132907076580987,0.004924823102921111,0
119,MA,Fernando FalcÃ£o,253645.98,44443.39,205226,2357.75,1618.84,70279.49,10257,0.1752181919066882,0.809104090669996,0.009295436103501423,0.006382281319814333,4
120,TO,FigueirÃ³polis,340275.79,208294.61,98654,31221.38,2105.8,170308.24,5284,0.6121346746414137,0.2899236528111506,0.09175316292704809,0.0061885096203876284,3
121,TO,FiladÃ©lfia,431182.34,230573.21,183961,8140.88,8507.25,221400.93,11773,0.5347464137793769,0.42664316910567346,0.018880365091019265,0.019730052023930293,2
122,MA,Formosa da Serra Negra,724679.77,239351.59,475038,6234.92,4055.26,140047.85,18917,0.3302860103297764,0.6555143660212841,0.008603689875322448,0.005595933773617,0
123,BA,Formosa do Rio Preto,1300880.03,386492.66,818989,87860.38,7537.99,2695149.18,25310,0.2971009248254814,0.6295653566147833,0.06753918729923158,0.005794531260503707,0
124,TO,Formoso do Araguaia,1327504.99,654814.5,644039,20194.14,8457.35,349562.25,18481,0.4932670723896865,0.4851499654249887,0.01521210101063349,0.0063708611746913285,2
125,TO,Fortaleza do TabocÃ£o,348770.96,112367.29,64046,170948.9,1408.78,187372.01,2576,0.32218075151669734,0.18363340801080455,0.4901465993613688,0.004039269783241127,1
126,MA,Fortaleza dos Nogueiras,435492.43,162016.66,259451,10138.0,3886.77,158584.43,12615,0.37203094437255774,0.5957646611675891,0.023279394316911547,0.008925000142941635,0
127,MA,Fortuna,234110.26,74977.54,151514,3491.39,4127.32,108188.22,15536,0.3202659293958325,0.6471907724163819,0.014913442922151297,0.01762981255071862,0
128,PI,GilbuÃ©s,167235.96,52012.57,106979,5287.31,2957.08,226349.11,10685,0.31101307398241385,0.639688975983395,0.03161586778345997,0.017682082250731243,0
129,TO,Goianorte,334198.96,203978.61,123959,3801.0,2460.35,75365.42,5115,0.6103508221569569,0.3709137814193078,0.011373464477567494,0.007361931946167635,2
130,TO,Goiatins,689879.93,144151.61,537700,4721.78,3306.54,161618.19,12942,0.20895173744219517,0.7794109911271081,0.006844350436459283,0.004792920994237359,4
131,MA,GonÃ§alves Dias,471776.0,72995.99,387881,6370.73,4528.29,120877.05,17923,0.15472595045106152,0.8221719629654751,0.013503717866105948,0.009598389913857424,4
132,MA,Governador Archer,199553.49,62552.33,134065,138.79,2797.37,77731.45,10793,0.3134614684012793,0.6718248826417419,0.0006955027446525741,0.014018146212326329,0
133,MA,Governador Edison LobÃ£o,190762.46,68573.47,84467,31613.71,6108.28,257076.42,18068,0.3594704639476761,0.4427862798582069,0.16572291005263823,0.03202034614147878,5
134,MA,Governador EugÃªnio Barros,304530.01,55938.14,241044,3487.47,4060.41,97778.7,16771,0.1836867900145539,0.7915279022911403,0.011451974798805543,0.01333336573298638,4
135,MA,Governador Luiz Rocha,192321.03,26257.44,162104,2138.37,1821.22,55519.64,7771,0.1365292188794954,0.8428823410523539,0.01111875284777749,0.009469687220373144,4
136,MA,GraÃ§a Aranha,167137.78,18984.5,145531,1271.15,1351.13,44434.92,6262,0.11358592892642226,0.8707247397925233,0.007605401962380977,0.008083929318673492,4
137,MA,GrajaÃº,1978841.3,386536.69,1471716,101171.49,19417.13,751654.33,68876,0.1953348608602418,0.743726139130005,0.051126631529269176,0.009812373533946355,4
138,TO,GuaraÃ­,959811.57,238874.74,652533,53267.95,15135.88,651471.89,25676,0.24887670399722311,0.6798553178516071,0.05549834120045042,0.0157696369507194,0
139,TO,Gurupi,557593.11,186711.7,150063,173881.4,46937.01,2202619.84,85737,0.33485295397570464,0.2691263527269912,0.31184280594858854,0.08417788734871563,5
140,MA,Humberto de Campos,53128.37,6378.04,32767,8563.61,5419.73,161349.04,28497,0.12004960814721023,0.6167514644247508,0.1611871397522642,0.10201197589912883,4
141,MA,IgarapÃ© Grande,85883.89,39173.22,38392,4614.06,3704.61,89017.33,11252,0.45611837097737423,0.44702213651477596,0.053724394644909544,0.04313509786294031,2
142,MA,Imperatriz,1217486.75,158429.89,212990,557437.97,288628.89,7126745.97,258016,0.13012863589685886,0.17494235563549254,0.4578595783485939,0.2370694301190547,1
143,TO,Ipueiras,194444.85,86109.4,89779,11783.29,6773.17,30353.79,1976,0.4428474192039542,0.46171960841338816,0.06059965074929987,0.034833373061821896,2
144,TO,ItacajÃ¡,506337.17,161662.23,337767,3908.28,2999.66,99453.55,7414,0.31927782430035706,0.6670792112694394,0.007718730189213642,0.00592423424099005,0
145,TO,Itaguatins,220999.76,110369.16,107860,873.29,1897.31,64203.03,5896,0.49940850614498405,0.4880548286568275,0.003951542752806609,0.008585122445381841,2
146,MA,Itaipava do GrajaÃº,382050.26,61881.67,315268,1885.07,3015.51,84413.43,15897,0.1619725896796929,0.8252003283547039,0.004934089038442219,0.00789296675259428,4
147,MA,Itapecuru Mirim,332933.24,48376.98,203998,57650.46,22907.8,564546.9,67672,0.14530534710201962,0.6127294469005258,0.17315921954803912,0.0688059864494155,0
148,TO,Itapiratins,372763.81,131128.97,237370,2986.34,1278.5,71019.5,3757,0.35177494832451683,0.6367839195548516,0.008011346380433229,0.003429785740198331,0
149,TO,ItaporÃ£ do Tocantins,236218.9,193765.04,40279,1031.32,1143.54,43126.17,2435,0.820277462980312,0.17051556839863363,0.004365950396009803,0.004841018225044651,3
150,MA,Itinga do MaranhÃ£o,1660611.2,227694.68,1391740,29303.1,11873.41,321167.19,25931,0.1371149851331847,0.8380890120456854,0.01764597275990912,0.00715002403934166,4
151,BA,Jaborandi,926377.65,281619.88,609536,28656.16,6565.6,665555.42,8496,0.3040011597861844,0.6579778775966799,0.030933561490823963,0.007087390331578056,0
152,MA,JatobÃ¡,234616.72,58205.57,161493,9312.02,5606.13,64965.42,9993,0.24808790268656045,0.6883269018508144,0.03969035113950958,0.02389484432311559,0
153,TO,JaÃº do Tocantins,365353.0,172609.04,189214,2426.01,1103.95,59958.54,3819,0.47244456730887663,0.5178936535350743,0.006640180866176001,0.0030215982898730816,2
154,MA,Jenipapo dos Vieiras,674038.72,124319.54,543717,2803.85,3198.33,93760.87,16432,0.1844397603745969,0.8066554396162879,0.004159775865695075,0.004745024143420129,4
155,MA,JoÃ£o Lisboa,275011.51,172125.26,89570,6745.84,6570.41,216823.61,23695,0.6258838402799941,0.32569545907369474,0.024529300609999923,0.023891400036311208,2
156,MA,JoselÃ¢ndia,204400.15,38361.39,158504,4088.55,3446.21,100482.81,16136,0.18767789553970485,0.7754593135083316,0.020002676123280733,0.016860114828682857,4
157,TO,Juarina,96969.37,56152.57,38721,908.42,1187.39,30531.73,2202,0.5790753306946307,0.39931165892899995,0.009368112838105475,0.012245000663611614,2
158,PI,JÃºlio Borges,32342.73,28889.58,1243,959.93,1250.21,43181.85,5614,0.8932325749867127,0.0384321298789558,0.029679931162273562,0.03865505478356342,3
159,MA,Lago do Junco,69727.09,21980.73,44561,778.15,2407.22,69286.59,10807,0.31523945714642615,0.6390772940617485,0.011159937981063028,0.03452345422704432,0
160,MA,Lago dos Rodrigues,52074.26,30434.13,16690,2303.39,2646.74,79721.28,8889,0.5844371096199926,0.32050383433197127,0.044232793706526025,0.050826262341509984,2
161,MA,Lago Verde,136280.82,85385.21,44843,2270.94,3781.67,105582.44,16198,0.6265387161597649,0.3290485044043615,0.016663680186250713,0.027749099249622947,2
162,TO,Lagoa da ConfusÃ£o,1850545.2,649070.58,1164326,32897.86,4250.76,483652.75,13033,0.3507455964869164,0.6291799843635271,0.01777738798274152,0.0022970311668150554,0
163,MA,Lagoa do Mato,263610.62,43342.03,216175,1989.32,2104.26,78351.5,11234,0.16441685847102822,0.8200542148112242,0.007546433447939237,0.007982455335069583,4
164,TO,Lagoa do Tocantins,172451.67,28477.81,141436,1242.98,1294.88,39769.11,4236,0.16513502014796377,0.8201486248292057,0.007207700569092778,0.007508654453737676,4
165,TO,Lajeado,309727.49,26918.13,25883,218475.57,38450.79,67656.56,3100,0.08690907610428768,0.08356700917958558,0.7053799777346209,0.12414393698150591,1
166,MA,Lajeado Novo,330214.24,96630.67,223679,7802.42,2102.16,75330.46,7496,0.29263023302689795,0.6773753912005733,0.023628357153828376,0.006366048902070365,0
167,PI,Landri Sales,67555.96,21661.58,42574,1635.1,1685.28,77731.37,5307,0.32064646849811623,0.6302034639134726,0.02420363799137781,0.02494642959703333,0
169,MA,Lima Campos,91854.22,17077.32,68340,3293.73,3143.18,171593.58,11866,0.1859176421072434,0.7440050114191814,0.03585823275185397,0.034219222589882095,4
170,TO,Lizarda,153439.04,48622.11,102167,1307.25,1342.68,42461.34,3747,0.3168822615157133,0.665847492267939,0.008519670091783681,0.008750576124563866,0
171,MA,Loreto,463131.12,91002.76,310002,58509.82,3616.54,221375.18,12098,0.1964945909918556,0.6693611951621822,0.12633532378476317,0.007808890061199084,0
172,BA,LuÃ­s Eduardo MagalhÃ£es,924350.96,211918.03,242229,436433.9,33770.03,6184172.78,84752,0.22926143766865348,0.26205306261595707,0.47215172470854583,0.036533775006843724,1
173,TO,LuzinÃ³polis,71752.78,21605.25,46935,2123.3,1089.23,33685.6,3059,0.30110680032188303,0.6541209971237352,0.02959188480223345,0.015180317752148419,0
174,MA,MagalhÃ£es de Almeida,85089.81,29471.92,39956,11004.3,4657.59,123112.4,19620,0.34636250803709634,0.4695744414049109,0.12932570891861198,0.05473734163938079,5
175,PI,Manoel EmÃ­dio,86024.63,16429.82,66389,1538.62,1667.19,42088.65,5347,0.19098972003715678,0.7717440923605251,0.01788580782038818,0.019380379781929895,4
176,BA,MansidÃ£o,331444.84,39268.79,285573,3106.05,3497.01,76141.72,13546,0.11847760248733998,0.861600379719292,0.00937124258745437,0.010550805376846415,4
177,PI,Marcos Parente,24840.79,12552.76,8541,1872.83,1874.2,41801.34,4549,0.5053285342374377,0.3438296447093671,0.07539333491406673,0.07544848613912843,2
178,TO,MarianÃ³polis do Tocantins,481095.22,219571.6,255516,4705.77,1301.84,126362.49,5094,0.4563994628755613,0.5311131546890032,0.009781369268229272,0.0027059923813003172,2
179,MA,Mata Roma,63661.27,11657.88,39559,7266.16,5178.23,146852.4,16678,0.18312358518766592,0.6213982221843831,0.11413784236475333,0.0813403502631977,0
180,TO,Mateiros,211492.76,72416.02,134747,3622.62,707.12,135482.42,2637,0.34240425062304736,0.6371234646519341,0.017128813298384303,0.0033434714266341787,0
181,MA,MatÃµes,485930.08,33177.5,437652,7423.58,7677.0,184877.03,33614,0.0682762836990869,0.9006480932400809,0.015277053851039639,0.015798569209792487,4
182,MA,MatÃµes do Norte,449841.97,46934.8,399787,27.19,3092.98,78770.41,16451,0.10433619610904693,0.8887276569591762,6.044344861818919e-05,0.006875703483158764,4
183,TO,MaurilÃ¢ndia do Tocantins,135575.14,51525.93,82233,299.3,1516.92,36631.45,3402,0.38005441115531946,0.6065492537938739,0.002207631871152779,0.011188776939489053,0
184,MA,Milagres do MaranhÃ£o,39909.08,12041.63,25858,368.31,1641.14,53338.9,8445,0.3017265745038472,0.6479227283615658,0.009228726896235143,0.04112197023835178,0
185,TO,Miracema do Tocantins,580433.94,261041.66,292501,17955.54,8935.74,526299.77,18566,0.4497353480053217,0.5039350386712397,0.030934683109674812,0.015394930213763862,2
186,MA,Mirador,690446.43,173850.85,500689,8033.25,7873.32,205928.67,20999,0.25179484236018135,0.725167048803482,0.011634863547632508,0.01140323080532113,4
187,MA,Miranda do Norte,487057.62,46731.33,78702,353392.42,8231.86,554676.85,28001,0.09594620447576614,0.16158663116696542,0.7255659402269489,0.01690120359886783,1
188,TO,Miranorte,409807.96,155431.09,179284,69691.48,5401.39,262797.71,13374,0.37927786956602794,0.4374829615315427,0.17005887342939846,0.013180295473030831,5
189,PI,Monte Alegre do PiauÃ­,191013.07,67324.7,114168,6946.94,2573.42,196143.77,10610,0.3524612216326348,0.5976973198744986,0.03636892491178745,0.013472481228640532,0
190,TO,Monte do Carmo,580579.49,190268.68,386963,1327.79,2020.02,178179.42,7827,0.3277220144307888,0.6665116606168778,0.0022870081063318306,0.00347931684600157,0
192,MA,Montes Altos,221866.98,85150.38,131838,2212.13,2666.47,66108.63,9208,0.38379023322893746,0.5942209156134906,0.009970523779608845,0.012018327377963137,0
193,PI,Morro CabeÃ§a no Tempo,26305.61,14391.67,10072,646.74,1195.2,31607.69,4532,0.5470950873216778,0.3828841072303588,0.02458563021347918,0.045435175234484204,2
194,TO,MuricilÃ¢ndia,177039.34,129890.83,45740,294.34,1114.17,43003.23,3513,0.7336834287791629,0.2583606558858613,0.001662568330857989,0.006293347004117843,3
195,TO,Natividade,574028.87,230067.51,314748,21545.46,7667.91,174675.26,9238,0.4007943189338195,0.5483138853277536,0.03753375679519394,0.013358056363959534,0
196,TO,NazarÃ©,125808.47,53294.18,43039,18410.68,11064.6,306086.45,15045,0.423613608845255,0.3420993832927147,0.14633895476194886,0.08794797361417717,5
197,MA,Nina Rodrigues,25897.37,14114.73,8194,759.82,2828.82,72459.96,14263,0.5450256145701282,0.3164027853021369,0.029339658814775404,0.10923194131295959,2
198,MA,Nova Colinas,165999.57,74082.06,89188,1517.85,1211.66,57284.11,5340,0.44627862590246464,0.5372785001792474,0.009143698384278946,0.007299175534008913,2
199,MA,Nova Iorque,75488.19,16916.46,56360,833.62,1378.11,38728.44,4682,0.22409412651170996,0.7466068533369259,0.011043051899906462,0.01825596825145761,4
200,TO,Nova Olinda,544982.12,185140.91,203035,141908.94,14897.27,264337.21,11719,0.339719237027446,0.37255350689303346,0.2603919189128627,0.027335337166657873,5
201,TO,Nova RosalÃ¢ndia,130806.45,47678.22,79530,2418.55,1179.68,55045.83,4214,0.3644944113994379,0.6079975414056417,0.018489531670647742,0.009018515524272696,0
202,TO,Novo Acordo,295794.36,33323.7,257180,3712.11,1578.55,52415.08,4286,0.11265833466195907,0.86945538785797,0.012549630763750872,0.005336646716320082,4
203,TO,Novo Alegre,44702.81,39939.42,2506,1224.78,1032.61,27361.43,2332,0.8934431638637482,0.056059115746862447,0.02739827764742306,0.023099442741966333,3
204,TO,Novo Jardim,79992.02,25296.17,53576,20.56,1099.29,29210.06,2698,0.3162336693085135,0.6697668092392216,0.00025702563830742116,0.013742495813957442,0
205,MA,Olho d'Ãgua das CunhÃ£s,177261.15,118728.42,46095,7041.34,5396.39,150680.8,19448,0.6697938042261375,0.260040059539273,0.039722973702923624,0.030443162531665853,3
206,TO,Oliveira de FÃ¡tima,38742.73,20982.51,17320,10.54,429.69,20322.14,1105,0.541585737504817,0.44705161458678827,0.0002720510402854935,0.011090854981050637,2
207,TO,Palmas,976339.18,169102.56,302847,371447.22,132942.4,9425131.95,291854,0.17320062890439364,0.31018626129497334,0.3804489542251085,0.13616415557552447,5
208,PI,Palmeira do PiauÃ­,246102.07,27264.74,209146,7681.82,2009.51,70830.6,5051,0.11078630911149996,0.8498343796945714,0.03121395931371077,0.00816535188021783,4
209,TO,Palmeirante,682307.48,138823.12,540830,1101.16,1553.21,95872.97,5919,0.20346123129120613,0.7926484991781125,0.0016138764886470247,0.00227640769818323,4
210,TO,Palmeiras do Tocantins,198939.42,66887.69,128199,736.28,3116.45,68754.15,6570,0.33622139845386095,0.6444122537403597,0.0037010261716858323,0.015665321634093433,0
211,TO,PalmeirÃ³polis,242585.23,122346.32,110685,6651.2,2902.71,118770.19,7641,0.5043436486219709,0.45627262632601334,0.027417992430948907,0.01196573262106683,2
212,MA,Paraibano,170699.72,40714.48,111218,10662.38,8104.86,137323.53,21290,0.23851521256156719,0.6515417834311621,0.06246278552770912,0.04748021847956165,0
213,TO,ParaÃ­so do Tocantins,462392.35,168016.92,121641,144590.54,28143.89,1230449.71,50601,0.36336440254688473,0.2630687986079355,0.312700977860036,0.0608658209851439,5
214,TO,ParanÃ£,831596.33,254307.95,566700,7173.93,3414.46,215335.6,10460,0.3058069652616192,0.6814604388646112,0.008626697522823364,0.0041059103760114,0
215,BA,Paratinga,103374.05,78460.58,8824,8296.27,7793.2,215631.28,31852,0.7589968662348046,0.08535991382750313,0.0802548608669197,0.0753883590707726,3
216,PI,ParnaguÃ¡,146974.45,83809.33,51444,2362.7,9358.42,90082.55,10761,0.5702306081090964,0.35002002048655395,0.016075583205108095,0.06367378819924142,2
217,MA,Parnarama,767823.05,132647.88,619688,8043.56,7443.61,228831.83,34805,0.17275839791472788,0.807071368852498,0.010475799078967478,0.00969443415380666,4
218,MA,Passagem Franca,276267.71,54534.5,211825,5369.15,4539.05,147174.5,18898,0.1973972998871276,0.7667381758078061,0.019434591179693057,0.01642989692859871,4
219,MA,Pastos Bons,210928.38,51766.73,137241,15953.53,5967.13,197064.65,19358,0.24542325693678585,0.6506521313063705,0.07563481974308056,0.028289839423220338,0
220,TO,Pau D'Arco,881759.63,406941.38,455885,15312.64,3620.62,69062.53,4831,0.46151055928927026,0.5170173191077029,0.017366002569203582,0.004106130374782524,2
221,MA,Paulino Neves,44693.15,14840.6,20463,5817.76,3571.79,103162.79,15900,0.33205535971396066,0.4578553984223533,0.1301711783573098,0.07991806350637626,5
222,MA,Pedreiras,142602.4,52146.71,56359,20924.32,13172.37,602134.5,39267,0.3656790488799628,0.39521775229589406,0.14673189231036785,0.09237130651377537,5
223,TO,Pedro Afonso,731237.19,352915.09,339139,33487.23,5695.87,533117.45,13380,0.4826273811374392,0.4637879536734176,0.04579530480390365,0.007789360385239706,2
224,TO,Peixe,978734.17,440161.83,528766,6501.22,3305.12,528257.62,11622,0.449725618550745,0.540254970356251,0.006642477803753393,0.0033769332892505427,2
225,TO,Pequizeiro,258657.14,215874.05,37077,3369.62,2336.46,75466.2,5442,0.8345953643498879,0.14334419687776645,0.013027361239670398,0.009033038871457405,3
226,MA,PeritorÃ³,259937.1,57469.99,142460,54562.9,5444.2,217807.19,23024,0.2210919103121486,0.548055664235694,0.20990808930314295,0.020944297678169063,0
227,TO,Pindorama do Tocantins,235224.54,98093.05,134033,1440.88,1657.62,53085.64,4464,0.4170187770374639,0.5698087452950275,0.006125551356163775,0.007046968823916076,0
228,MA,Pio XII,167007.56,57601.43,98489,4780.1,6137.03,159289.62,21593,0.34490312893619907,0.5897277943585308,0.028622057588291214,0.0367470191169789,0
229,MA,Pirapemas,313632.41,54324.71,252669,2308.78,4329.92,116526.8,18526,0.1732114037576665,0.8056214598484895,0.007361420332802979,0.013805716061041015,4
230,TO,PiraquÃª,325238.75,179011.51,134377,10785.84,1064.4,51536.97,3022,0.5504003136157669,0.41316417554796286,0.033162838068957035,0.0032726727673132432,2
231,TO,Pium,1345651.12,430480.16,907845,4750.66,2575.3,157353.52,7564,0.3199047313244163,0.6746510938139746,0.0035303801478647747,0.0019137947137442281,0
232,MA,PoÃ§Ã£o de Pedras,257248.99,112863.46,136063,3197.52,5125.0,149105.24,18156,0.43873237364313855,0.5289155848580785,0.012429669791900836,0.019922332834037562,2
233,TO,Ponte Alta do Bom Jesus,376667.06,66142.82,307572,1342.95,1609.28,47221.0,4601,0.17560022370950093,0.8165619791653669,0.003565350259191765,0.004272420317295598,4
234,TO,Ponte Alta do Tocantins,491754.6,130140.34,354972,4546.97,2095.29,84181.37,7961,0.26464488588413815,0.7218478485000446,0.009246420877405114,0.004260844738412208,0
236,TO,Porto Alegre do Tocantins,90923.62,18047.22,70886,433.75,1556.65,31090.82,3108,0.19848769769615424,0.7796214009077069,0.004770487580674857,0.017120413815464013,4
237,MA,Porto Franco,508377.12,191109.58,296314,12430.12,8523.42,526542.18,23674,0.37592089116835153,0.5828625804402842,0.024450588964349932,0.01676593942701434,0
238,TO,Porto Nacional,835777.85,282882.12,397404,131966.99,23524.75,1677465.15,52699,0.3384656819991102,0.47548998815893484,0.1578972091686804,0.02814713263817652,5
239,TO,Praia Norte,140642.81,47316.83,90680,455.19,2190.79,72133.79,8364,0.3364326267371933,0.6447538981907429,0.0032364967679471136,0.015576978304116649,0
240,MA,Presidente Dutra,302416.9,134032.99,105713,41471.84,21199.06,688878.62,36199,0.44320601791764935,0.3495604908323576,0.13713466410111338,0.0700987940819445,5
241,TO,Presidente Kennedy,324323.7,211812.97,90510,16456.28,5544.45,49311.52,3691,0.6530912480339858,0.2790730372155966,0.05074029434173327,0.017095420408684284,3
242,MA,Presidente Vargas,27073.81,8807.88,15020,778.47,2467.45,69909.81,11124,0.32532842625400704,0.5547796929948168,0.028753618349246005,0.09113789304128232,0
244,TO,Pugmil,87010.62,33631.93,31224,20956.62,1198.07,56495.01,2659,0.38652672512849584,0.3588527469405459,0.2408512891874578,0.013769238743500506,5
245,TO,RecursolÃ¢ndia,239334.94,74416.69,162022,1435.63,1460.62,43096.96,4243,0.31093115781590436,0.6769676003010676,0.0059984137710941835,0.006102828111933844,0
246,PI,RedenÃ§Ã£o do GurguÃ©ia,84722.49,26181.29,51186,4554.67,2800.54,73762.82,8757,0.3090240855763328,0.6041607134067943,0.05375986942782253,0.033055449621464145,0
247,MA,RiachÃ£o,1140650.15,266547.0,843848,22999.71,7255.44,353041.9,20242,0.2336798886144012,0.7397956332184764,0.02016368471963117,0.006360793447491328,4
248,BA,RiachÃ£o das Neves,682290.55,252315.98,415929,7513.62,6531.96,978802.93,22342,0.36980723241733304,0.6096068603031362,0.011012346572878666,0.009573575363164563,0
249,TO,Riachinho,493374.29,183023.17,301952,5208.65,3190.47,47039.09,4604,0.37096211478713254,0.6120140552925853,0.010557197862904448,0.006466632057377777,0
250,PI,Riacho Frio,111571.01,31359.03,78347,448.58,1416.39,37430.58,4315,0.2810679046465565,0.7022164628607378,0.004020578463885914,0.012694964399802423,0
251,MA,Ribamar Fiquene,218256.01,120370.15,92558,2509.3,2818.57,82678.28,7754,0.5515089825017876,0.42407996004325377,0.011497048809789934,0.012914054462921777,2
252,PI,Ribeiro GonÃ§alves,356411.69,74797.42,249467,29738.95,2408.31,399082.36,7304,0.20986242061813404,0.6999405659225151,0.08343988380403572,0.006757101597874076,4
254,TO,Rio dos Bois,199045.84,44218.27,152706,1063.97,1057.6,50428.26,2810,0.22215118889196578,0.767190110579553,0.005345351603429642,0.005313348925051636,4
255,TO,Rio Sono,673350.5,102493.28,567728,1372.94,1756.27,65715.56,6467,0.1522138618743136,0.8431389001716045,0.002038967818394729,0.002608255284580616,4
256,MA,SambaÃ­ba,331875.99,83175.69,244121,3231.93,1347.37,254370.03,5663,0.25062280040204177,0.7355789733388065,0.009738366430183757,0.0040598598289680425,4
257,TO,Sampaio,92780.35,23862.99,66477,881.64,1558.73,39336.17,4627,0.25719874951969895,0.7164986982696228,0.00950244313585797,0.016800216856263206,0
258,TO,SandolÃ¢ndia,548688.95,333442.03,210708,3089.01,1449.91,70750.98,3377,0.6077068437408846,0.3840208555320825,0.0056298017301059195,0.00264249899692713,2
259,TO,Santa FÃ© do Araguaia,314146.81,237843.23,66827,6317.2,3159.38,113660.62,7425,0.7571085315174775,0.2127253814864458,0.020109069387016853,0.010057017609059917,3
260,PI,Santa Filomena,514892.12,101732.28,390218,17457.45,5484.38,322460.44,6251,0.19757979593861333,0.7578636084001441,0.0339050634529035,0.010651512786795029,4
261,MA,Santa Filomena do MaranhÃ£o,193006.1,41533.12,147417,2088.45,1967.53,50028.55,7719,0.21519071158890835,0.7637945121941742,0.01082064245637832,0.010194133760539174,4
262,PI,Santa Luz,74109.56,28376.95,43182,921.58,1629.03,47510.2,5836,0.38290539034370197,0.5826778623432659,0.01243537271034938,0.02198137460268284,0
263,BA,Santa Maria da VitÃ³ria,224197.53,143248.63,34782,30410.5,15756.39,466208.91,39919,0.6389393763615505,0.1551399785715748,0.13564154787967558,0.07027905258367476,3
264,TO,Santa Maria do Tocantins,367573.26,66182.22,299365,1068.49,957.54,52881.04,3381,0.1800517806980845,0.8144362840757241,0.0029068763054200405,0.002605031715310303,4
265,MA,Santa QuitÃ©ria do MaranhÃ£o,99325.78,23697.89,60559,9055.73,6013.16,185179.74,25519,0.23858750467401313,0.6097007242228554,0.09117199985743882,0.06053977124569271,0
266,BA,Santa Rita de CÃ¡ssia,620499.39,185491.36,414760,10607.12,9640.9,225131.13,28191,0.2989388273210067,0.6684293436614015,0.017094489005057684,0.015537323896482798,0
267,TO,Santa Rita do Tocantins,947315.69,232941.61,685478,27977.24,918.84,91188.28,2343,0.24589649729120394,0.723600387110658,0.02953317494403582,0.00096994065410233,4
268,TO,Santa Rosa do Tocantins,367805.26,100211.52,260718,5350.65,1525.1,149490.09,4811,0.2724580937205738,0.7088479376287332,0.014547508102521426,0.004146487736472284,0
269,TO,Santa Tereza do Tocantins,86474.99,36258.58,48040,1475.7,700.71,32080.33,2833,0.4192955674235984,0.5555363464048969,0.017065049675056336,0.00810303649644828,0
271,BA,Santana,394699.95,159486.84,91768,87219.23,56225.87,249742.23,26517,0.40407109248430356,0.23250066284528284,0.22097603508690586,0.14245218424780648,5
272,MA,Santana do MaranhÃ£o,77923.23,22032.38,52978,744.38,2168.48,64832.58,13222,0.2827446962863321,0.679874281392083,0.009552735429473342,0.02782841522354759,0
273,MA,Santo Amaro do MaranhÃ£o,21115.81,5935.61,11460,946.44,2773.75,79255.22,15653,0.28109790720791666,0.5427213069259479,0.044821392122774355,0.13135892016455916,0
274,MA,Santo AntÃ´nio dos Lopes,3238329.58,46121.43,221223,2967252.35,3732.81,1914172.94,14533,0.014242352070909348,0.06831392374830483,0.9162910311309327,0.0011526961378650038,1
275,MA,SÃ£o Benedito do Rio Preto,36722.53,6329.09,20997,4913.85,4482.59,118462.77,18607,0.17234896397388744,0.5717743303634036,0.13381022494909803,0.12206648071361097,0
276,TO,SÃ£o Bento do Tocantins,434313.83,62330.18,315827,54608.23,1548.42,53150.87,5255,0.14351414966454096,0.7271861455574647,0.12573449480068363,0.0035652099773106466,4
277,MA,SÃ£o Bernardo,81284.91,39554.53,21042,14177.4,6510.98,254393.43,28342,0.486615904477227,0.25886723624347985,0.17441613701731354,0.08010072226197949,5
278,BA,SÃ£o DesidÃ©rio,1577369.6,487069.25,962868,118862.1,8570.26,3645980.96,33193,0.3087857468534958,0.6104263705855622,0.0753546283635744,0.005433260537035835,0
279,MA,SÃ£o Domingos do AzeitÃ£o,250909.79,40688.02,174674,33523.55,2024.22,217717.0,7363,0.16216194672993825,0.6961625530833213,0.1336079791864638,0.008067521000276634,4
280,MA,SÃ£o Domingos do MaranhÃ£o,475454.77,118658.24,317573,29365.76,9857.76,290937.99,34368,0.24956788213524495,0.6679352486041942,0.06176351958778328,0.02073332864028265,0
281,MA,SÃ£o FÃ©lix de Balsas,160199.93,34147.29,124550,665.06,837.59,46713.32,4608,0.21315421298873227,0.7774660076318386,0.0041514375193547216,0.005228404282074281,4
282,BA,SÃ£o FÃ©lix do Coribe,141313.75,99040.17,13559,20950.02,7764.57,214330.55,15310,0.7008530309329417,0.09594961566018877,0.14825181555227288,0.054945608619118805,3
283,TO,SÃ£o FÃ©lix do Tocantins,19721.3,7654.0,10629,692.19,746.11,21497.07,1572,0.388108289007317,0.5389604133601741,0.03509859897674089,0.03783269865576813,0
284,MA,SÃ£o Francisco do BrejÃ£o,227192.55,139624.76,65125,18005.45,4437.34,102538.69,11652,0.6145657505054634,0.2866511247838012,0.07925193849886364,0.019531186211871825,3
285,MA,SÃ£o Francisco do MaranhÃ£o,165366.65,40825.29,121158,829.5,2553.86,74646.56,12200,0.2468774084738368,0.7326628434451566,0.005016126286648487,0.015443621794358174,4
286,PI,SÃ£o GonÃ§alo do GurguÃ©ia,73279.67,14649.45,56787,952.96,890.26,32269.84,3024,0.19991151706878593,0.7749352583056119,0.013004425374732174,0.01214879925086999,4
287,MA,SÃ£o JoÃ£o do ParaÃ­so,785033.28,233635.57,527291,16542.18,7564.53,123747.32,11162,0.2976123126907435,0.6716798044536405,0.021071947421133535,0.00963593543448247,0
288,MA,SÃ£o JoÃ£o do Soter,523956.59,20004.62,497674,2873.87,3404.11,102083.51,18438,0.03817991868372148,0.9498382299190091,0.0054849391244415876,0.006496931358378372,4
289,MA,SÃ£o JoÃ£o dos Patos,272842.78,49132.54,202950,11526.93,9233.31,267000.88,25860,0.18007637951790403,0.743834966056276,0.0422475170499289,0.03384113737589097,4
290,MA,SÃ£o JosÃ© dos BasÃ­lios,144384.83,31864.94,109810,1077.74,1632.15,50523.42,7642,0.22069451479078517,0.7605369622279571,0.007464357578285753,0.011304165402972044,4
291,MA,SÃ£o LuÃ­s Gonzaga do MaranhÃ£o,342459.02,132276.96,203907,1936.45,4338.61,138196.44,18988,0.3862563176172144,0.5954201469127605,0.00565454517740546,0.012668990292619536,0
292,MA,SÃ£o Mateus do MaranhÃ£o,307875.48,79197.99,203612,12189.48,12876.01,344585.8,41350,0.257240329759291,0.6613452945327117,0.03959224034340117,0.04182213536459611,0
293,TO,SÃ£o Miguel do Tocantins,136872.69,38413.39,93894,1379.37,3185.93,105746.34,11966,0.2806505081473886,0.6859951389864553,0.010077759120537485,0.023276593745618645,0
294,MA,SÃ£o Pedro da Ãgua Branca,157509.42,54519.7,95875,3122.53,3992.18,97408.33,12644,0.3461361231601259,0.6086937530466431,0.019824401613566984,0.02534565869139763,0
295,MA,SÃ£o Pedro dos Crentes,233286.67,109509.63,119561,2736.07,1479.97,53609.05,4650,0.4694208631809096,0.51250677974871,0.011728359790124314,0.00634399728025609,2
296,MA,SÃ£o Raimundo das Mangabeiras,493527.2,199709.03,225191,63023.78,5603.39,417333.5,18755,0.404656582251191,0.45628893402430504,0.12770072247284445,0.011353761251659484,2
297,MA,SÃ£o Raimundo do Doca Bezerra,96507.46,19368.06,74979,573.94,1586.47,38455.46,5345,0.20068977051100506,0.7769243952747279,0.005947105021725782,0.016438832811473847,4
298,MA,SÃ£o Roberto,60096.08,16631.57,40732,865.41,1867.1,41077.09,6649,0.2767496648699882,0.6777813128576772,0.014400440095260788,0.031068582177073777,0
299,TO,SÃ£o Salvador do Tocantins,146404.71,52836.21,91834,819.75,914.76,36647.83,3070,0.3608914631230102,0.6272612404341363,0.005599205107540598,0.006248159639126364,0
300,TO,SÃ£o SebastiÃ£o do Tocantins,87343.0,54384.29,31130,291.67,1537.03,46314.56,4756,0.62265195837102,0.3564109316144396,0.0033393632002564604,0.017597632323139805,2
301,TO,SÃ£o ValÃ©rio,357613.24,119342.72,227282,9324.14,1664.38,91599.82,4017,0.33372008262333913,0.6355525315561583,0.026073251650302432,0.004654134170200186,0
302,MA,Satubinha,91087.3,40884.91,46020,1748.31,2434.08,71397.46,13729,0.4488541212660821,0.5052295984182208,0.019193784424392863,0.026722495891304276,2
303,PI,SebastiÃ£o Barros,110884.28,34532.3,74809,692.42,850.56,38283.63,3488,0.3114264709118371,0.6746583014292017,0.006244528079183091,0.007670699579778125,0
304,PI,SebastiÃ£o Leal,320666.55,36366.96,280266,2962.03,1071.56,148950.96,4285,0.11341051943210166,0.8740107129976606,0.009237103152792208,0.0033416644174454743,4
305,MA,Senador Alexandre Costa,217462.3,32250.75,175134,7568.09,2509.45,81235.33,11067,0.14830501654769587,0.805353387690648,0.0348018484123455,0.011539701364328437,4
306,MA,Senador La Rocque,272670.16,177775.02,82657,6569.36,5668.78,145403.17,14366,0.651978272943398,0.30313914804612285,0.024092698665669907,0.020789880344809275,3
307,BA,Serra do Ramalho,188159.53,156965.76,12562,11772.33,6859.45,281390.64,31532,0.8342163694817903,0.06676249669628745,0.06256568561794346,0.03645550135037008,3
308,BA,Serra Dourada,172041.12,153980.59,8646,4191.11,5223.42,143661.41,17452,0.8950220156669522,0.050255427307146106,0.02436109460342969,0.030361462422472025,3
309,TO,SilvanÃ³polis,192875.55,89774.4,87536,13739.03,1826.12,155721.55,5378,0.4654524640370436,0.4538470531905159,0.0712326160573489,0.009467866715091675,2
310,BA,SÃ­tio do Mato,88304.51,79360.18,3925,413.38,4605.95,94716.47,12965,0.8987103829691144,0.04444846588243341,0.004681301102287981,0.05215985004616412,3
311,MA,SÃ­tio Novo,870424.32,279966.63,576678,7842.28,5937.4,152591.71,18000,0.3216438506681431,0.6625251463562047,0.009009720684274998,0.006821270802727571,0
312,TO,SÃ­tio Novo do Tocantins,121287.11,76075.21,36830,5966.02,2415.88,102146.61,9077,0.6272324404464745,0.30365963868707896,0.04918923371164504,0.01991868715480153,3
313,TO,Sucupira,177974.99,117708.87,59221,139.48,905.64,64189.92,1946,0.6613787139417735,0.3327490002949291,0.0007837056206605209,0.005088580142636895,3
314,MA,Sucupira do Norte,275410.43,34257.19,234966,3641.67,2545.57,77724.76,10638,0.12438595735099794,0.8531485172874536,0.013222701841756683,0.009242823519791898,4
315,MA,Sucupira do RiachÃ£o,63379.18,17121.52,44132,1248.5,877.16,40974.11,5644,0.27014423348487626,0.6963169924255883,0.019698897966177537,0.01383987612335786,0
316,BA,Tabocas do Brejo Velho,300116.54,60143.34,226787,10003.59,3182.6,151196.62,12517,0.20039995129891874,0.7556631167345859,0.03333235149252354,0.010604547153582406,4
317,TO,Taguatinga,395144.31,209147.46,168056,12852.6,5088.25,242256.36,16537,0.5292938673468435,0.4253028469522945,0.03252634461571774,0.012876941085144311,2
318,TO,Taipas do Tocantins,75111.24,31307.14,42517,398.57,888.53,23183.13,2131,0.4168103202663143,0.566053762392952,0.005306396219793469,0.011829521120940087,0
319,TO,TalismÃ£,363939.07,200425.42,143902,12270.96,7340.7,82308.56,2772,0.5507114693676609,0.39540135111077795,0.03371707247589548,0.02017013452279251,2
320,MA,Tasso Fragoso,439051.33,168598.92,251155,16697.28,2600.13,1164694.95,8459,0.3840073095781307,0.57204017580359,0.038030359684823184,0.005922154933456186,0
321,MA,Timbiras,266650.65,19650.78,235977,3617.08,7405.79,167897.43,29063,0.07369485129700601,0.8849669033246309,0.013564864739688426,0.027773380638674607,4
322,MA,Timon,297834.46,49972.79,131771,60707.27,55383.4,1867974.13,167973,0.1677871324896387,0.44243033529431075,0.20382889877820046,0.18595363343784999,5
323,TO,TocantÃ­nia,150840.76,35434.28,111784,1689.15,1933.33,71895.46,7471,0.23491183682712813,0.7410729036369215,0.011198233156608332,0.012817026379342029,4
324,TO,TocantinÃ³polis,225093.92,42855.2,158832,14176.95,9229.78,295668.77,22895,0.19038808333872365,0.7056254562539939,0.06298237642313928,0.041004128410043236,4
325,MA,Trizidela do Vale,112063.63,33142.1,59551,11810.32,7560.21,281757.65,21885,0.2957435878170286,0.5314034535558058,0.10538941135495968,0.06746354727220598,0
326,MA,Tuntum,892360.37,247827.99,624036,9499.17,10997.21,313330.58,41621,0.2777218692488551,0.6993094056832667,0.01064499312088456,0.012323731946993566,0
327,TO,Tupirama,199926.2,50809.79,147866,694.18,556.22,49161.63,1860,0.2541427286668781,0.7396029134750722,0.003472181234875669,0.0027821266047171407,4
329,MA,TutÃ³ia,82827.39,25291.54,25102,20340.35,12093.5,408955.52,58311,0.30535237196294607,0.30306399851546695,0.24557516541327692,0.14600846410831006,5
330,MA,Urbano Santos,61787.54,7088.74,38858,7670.38,8170.42,191042.62,32775,0.11472766192018649,0.6288970235746559,0.12414121034758788,0.13223410415756964,4
331,PI,UruÃ§uÃ­,1514413.57,198598.6,1127281,178834.88,9699.09,1703352.8,21457,0.1311389464107879,0.7443679998192303,0.11808853508886612,0.006404518681115621,4
332,MA,Vargem Grande,260570.2,71242.44,164235,12589.46,12503.3,325705.49,55841,0.27340977594521554,0.6302908007132051,0.04831504139767325,0.04798438194390609,0
333,MA,Vila Nova dos MartÃ­rios,479781.94,148923.28,322760,4062.88,4035.78,110572.42,13183,0.3103978444874353,0.6727222787919028,0.008468180357101396,0.008411696363560496,0
334,TO,WanderlÃ¢ndia,245006.55,60698.89,149267,31436.07,3604.59,140613.09,11630,0.24774394806995978,0.6092367734658523,0.12830705954595908,0.014712218918228923,0
335,BA,Wanderley,201133.73,169750.44,20806,6755.25,3822.04,127563.38,12298,0.8439680405668407,0.10344361435548378,0.033585863494899636,0.019002481582775798,3
336,TO,XambioÃ¡,419110.41,179673.62,221741,13567.41,4128.38,290954.4,11560,0.4287023555439723,0.5290753813535675,0.03237192318845051,0.009850339914009772,2
