States;Municipalities;emi_2017;emi_2018;emi_agri_2017;emi_agri_2018;emi_luc_2017;emi_luc_2018;emi_energy_2017;emi_energy_2018;emi_wast_2017;emi_waste_2018;va_2017;imp_2017;pib_2017;pib_percapta_2017;va_2018;imp_2018;pib_2018;pib_percapta_2018
TO;Abreulândia;503625.99;415469.12;136667.61;127828.13;364882;286357;1015.25;530.51;1061.13;753.48;54647.33;1831.23;56478.56;21967.55;50951.05;1451.15;52402.19;20437.67
MA;Açailândia;1825317.81;2012738.16;678907.71;701929.89;898884;1033654;192948.54;221796.36;54577.55;55357.9;2004494.26;198243.79;2202738.05;19784.07;2379994.75;222795.91;2602790.66;23289.73
MA;Afonso Cunha;182506.68;77780.74;6675.58;7322.15;162594;59017;11937.19;10089.06;1299.9;1352.53;43614.81;1236.37;44851.18;6915.08;48978.97;1256.8;50235.77;7765.62
MA;Água Doce do Maranhão;28493.82;28598.69;6829.82;6986.73;17489;15176;1867.48;3941.72;2307.52;2494.25;70520.41;2654.03;73174.44;5874.16;82581.72;3604.34;86186.06;6901.51
TO;Aguiarnópolis;126577.32;116760.47;24029.74;20766.03;35435;31678;65251.98;62457.73;1860.6;1858.71;113839.67;13198.51;127038.17;19665.35;107967.14;16936.28;124903.42;19005.39
MA;Aldeias Altas;105401.7;106818.73;39739.73;47702.45;55436;49673;4635.72;3783.43;5590.25;5659.85;167113.5;6996.21;174109.7;6598.31;175439.54;5918.5;181358.03;6895.22
TO;Aliança do Tocantins;294823.21;277772.18;154402.55;151950.37;135867;120962;2416.34;2676.74;2137.32;2183.07;111641.14;4484.75;116125.89;21010.66;96918.64;6616.2;103534.84;19053.15
TO;Almas;497213.75;383090.52;127292.91;126189.01;362772;250038;4601.1;4211.05;2547.74;2652.46;145722.04;5653.63;151375.68;20813.37;146888.44;5106.59;151995.04;21314.69
MA;Alto Alegre do Maranhão;259620.8;274772.3;35921.19;32946.78;115218;127225;100312.6;106507.39;8169.02;8093.13;198526.79;21418.44;219945.23;8184.92;238269.34;30657.89;268927.23;10020.02
MA;Alto Parnaíba;353321.72;270561.3;110131.87;126584.2;214188;114376;25958.74;26486.13;3043.11;3114.98;277945.93;9670.27;287616.2;26144.55;340414.03;8737.38;349151.41;31263.56
TO;Alvorada;440748.85;430641.63;155781.2;139091.98;56929;61904;160563.5;158337.23;67475.15;71308.42;289150.21;42526.87;331677.08;38947.52;236041.45;35635.73;271677.19;32238.9
PI;Alvorada do Gurguéia;104410.47;307633.5;27996.84;20264.57;68140;279419;7039.5;6717.48;1234.13;1232.45;69197.71;4753.47;73951.18;13884.94;65183.34;5571.25;70754.59;13122.14
MA;Amarante do Maranhão;1590562.19;1508035.91;503912.73;525488.77;1067931;961908;9084.76;11136.84;9633.71;9502.3;264067.65;9553.02;273620.66;6656.47;302192.1;12043.21;314235.32;7638.94
TO;Ananás;385669.4;476973.3;177235.83;174487.18;191807;286151;9921.82;9529.37;6704.74;6805.75;118342.82;6550.85;124893.67;12810.92;123677.43;7379.24;131056.67;13641.79
MA;Anapurus;128372.82;123113.07;9699.61;10303.4;111100;105561;3914.47;3612.08;3658.74;3636.59;128932.3;6962.05;135894.34;8657.9;125549.22;6202.03;131751.24;8464.04
BA;Angical;203415.06;205522.55;183680.53;177527.91;12710;20907;2606.84;2672.32;4417.69;4415.31;131883.64;3946.12;135829.76;9246.41;130544.41;4129.14;134673.55;9607.87
TO;Angico;115888.74;171080.97;30960.83;29683.63;83749;140584;373.87;-;805.05;813.34;34233.44;1246.98;35480.41;10365.3;35028.97;1026.01;36054.98;10551.65
PI;Antônio Almeida;43680.02;47394.61;10246.62;10233.8;29919;26943;2318.08;8966.46;1196.32;1251.34;66705.1;3916.35;70621.45;22678.69;130849.33;5799.51;136648.84;43270.69
TO;Aparecida do Rio Negro;224287.43;278567.93;68390.31;72021.08;149551;199135;4781.96;5800.94;1564.17;1610.91;88390.07;3062.01;91452.08;19350.84;99017.46;3262.29;102279.76;21573.46
TO;Aragominas;310089.33;801458.31;176453.95;180343.76;131025;618799;583.84;251.54;2026.54;2064.01;61528.16;1714.52;63242.68;10783.07;62894.3;1453.58;64347.88;11121.31
TO;Araguacema;757292;502404.24;156929.71;137355.94;593755;358411;4513.92;4677.16;2093.37;1960.15;128941.42;4196.35;133137.77;19011.53;122225.84;4227.25;126453.09;18023.53
TO;Araguaçu;1133378.11;1057182.96;679359.54;715075.53;439433;328580;7302.17;5977.17;7283.4;7550.25;178257.04;8231.2;186488.24;21455.16;183859.77;8540.85;192400.61;22458.34
TO;Araguaína;1323121.02;1314710.54;458836.19;476287.96;436857;410313;359694.71;357827.03;67733.12;70282.55;3697573.71;442954.03;4140527.74;23531.07;3887977.16;499526.16;4387503.32;24715.96
TO;Araguanã;440359.75;639276.55;179894.94;191305.09;247884;436788;7651.48;6066.77;4929.33;5116.69;137895.84;4595.13;142490.96;16534.82;142095.4;5142.33;147237.72;16966.99
TO;Araguatins;1309648.47;1301835.09;302616.38;310540.61;971653;956862;22683.51;21222.45;12695.58;13210.03;370214.43;20564.8;390779.23;11096.64;401289.91;25002.04;426291.95;12060.54
MA;Araioses;101179.07;88626.77;34169.92;30219.15;43467;32563;13152.12;15327.33;10390.03;10517.29;259357.26;9780.41;269137.67;5841.42;257323.97;12550.2;269874.17;5853.72
MA;Arame;1402199.81;1039423.75;272127.59;283348.57;1104062;728941;17336.61;17848.67;8673.61;9285.5;201909.65;10059.82;211969.46;6594.17;221905.74;11680.77;233586.51;7157.11
TO;Arapoema;322643.92;600125.95;276496.2;287281.12;37794;305093;4917.84;4300.78;3435.89;3451.06;95306.4;4147.85;99454.26;14720.88;283357.74;5266.72;288624.46;43272.03
TO;Arraias;803211.1;655074;372159.2;385641.26;409439;243057;18050.96;22617.7;3561.94;3758.04;146197.95;13483.56;159681.51;14885.94;158574.24;26945.67;185519.91;17500.23
TO;Augustinópolis;210422.73;256552.04;122362.48;121215.93;66713;115868;14913.37;12897.65;6433.88;6570.46;220095.17;15902.97;235998.14;13046.5;235814.95;17971.12;253786.07;13961.17
TO;Aurora do Tocantins;125135.55;124787.38;95000.29;92731.47;26855;28596;1563.79;1492.86;1716.47;1967.05;39663.87;1307.87;40971.74;10969.68;40749.83;1320.89;42070.71;11275.99
PI;Avelino Lopes;41989.22;42592.28;31192.16;31072.2;979;2281;5398.57;4581.86;4419.49;4657.23;74763.04;2998.55;77761.59;6760.11;75621.16;3447.45;79068.61;7027.07
TO;Axixá do Tocantins;101098.94;92525.38;66690.76;67784.99;24491;14514;6341.85;6586.71;3575.34;3639.68;99600.64;4241.06;103841.7;10622.11;115188.7;5387.83;120576.53;12398.62
TO;Babaçulândia;221690.19;231493.58;106492.7;109224.02;110472;117782;2065.32;1809.53;2660.17;2678.04;99854.76;2973.8;102828.56;9563.67;102600.83;2814.32;105415.16;9887
MA;Bacabal;636541.3;494153.25;204197.61;205134.49;328485;185761;66967.36;65408.71;36891.33;37849.05;1018670.9;114862.14;1133533.04;10966.95;1020548.62;117979.07;1138527.68;10881.15
BA;Baianópolis;373834.27;840949.86;73633.68;78770.39;291783;752883;5039.14;6033.23;3378.45;3263.25;140293.29;4246.43;144539.72;10091.44;166560.05;4777.92;171337.97;12394.24
PI;Baixa Grande do Ribeiro;1173523.86;1089394.29;151248.32;187763.52;859167;734734;159896.32;163499.93;3212.22;3396.84;692169.52;52383.31;744552.83;65455.19;886148.03;67109.49;953257.51;82913.59
MA;Balsas;1332808.44;1737261.47;292136.02;327591.79;745926;1135186;258148.62;238507.6;36597.8;35976.08;2722957.67;322990.46;3045948.13;32137.37;3088855.4;368872.87;3457728.27;36852.56
TO;Bandeirantes do Tocantins;355354.12;324260.36;311900.12;292527.36;37582;28704;4149.48;1441.43;1722.53;1587.57;66696.73;1980.22;68676.95;19621.98;118151.58;2161.42;120313;34257.69
MA;Barão de Grajaú;111785.44;150298.62;31449.33;32982.24;48449;85740;26895.09;26528.58;4992.02;5047.81;184079.89;25966.42;210046.31;11281.29;181494.44;26025.72;207520.16;11089.03
MA;Barra do Corda;1411116.48;1595140.78;264241.01;272482.87;1050611;1228381;69965.6;67637.99;26298.87;26638.92;609530.35;39718.21;649248.56;7451.07;674748.05;48638.19;723386.24;8239.59
TO;Barra do Ouro;176501.87;235631.5;53213.07;62754.42;121156;170111;991.62;1582.27;1141.18;1183.81;44853.51;1452.21;46305.72;10190.52;54373.55;1757.89;56131.44;12339.29
BA;Barreiras;1404998.22;1331598.43;276774.97;301425.94;714993;609964;342605.05;347780.28;70625.2;72428.2;3542895.11;353081.5;3895976.61;24714.7;4329060.13;415425.79;4744485.92;30842.2
PI;Barreiras do Piauí;48590.91;39013.42;18156.38;11320.6;29169;26691;485.82;195.9;779.72;805.92;23533.15;690.54;24223.7;7353.88;26613.22;798.71;27411.94;8197.35
MA;Barreirinhas;102724.57;103401.38;31038.18;22039.56;30459;39699;25650.41;25898.82;15576.98;15763.99;430143.35;27692.53;457835.88;7330.3;453495.51;31973.2;485468.72;7851.92
TO;Barrolândia;218111.61;220730.12;129628.82;118553.26;65511;69445;20554.02;30379.41;2417.77;2352.46;77929.77;6090.44;84020.21;14889.28;87065.52;6666.53;93732.05;16696.13
MA;Belágua;11764.09;9483.64;2628.28;2728.46;7290;4359;-;474.29;1845.82;1921.89;46642.7;945.02;47587.71;6411.71;45636.07;862.78;46498.85;6276
MA;Benedito Leite;123040.73;170356.43;30496.23;27541.9;90914;141075;190.36;246.69;1440.15;1492.84;38744.69;982.83;39727.52;7186.6;41764.81;1100.34;42865.15;7617.76
MA;Bernardo do Mearim;117885.13;101392.55;60333.5;51403.29;54402;46968;1129.5;967.35;2020.13;2053.92;47605.22;1559.67;49164.88;8231.19;47882.96;1553.94;49436.9;8224.4
TO;Bernardo Sayão;264098.37;252417.07;216842.32;194507.68;43180;53825;2158.29;2169.45;1917.76;1914.94;72694.07;4941.71;77635.78;17183.66;69328.23;5418.85;74747.08;16725.68
PI;Bertolínia;42905.46;51036.26;27122.43;21180.66;11959;26209;2462.96;2274.04;1361.07;1372.56;46453;6867.6;53320.6;9850.47;50531.74;8193.92;58725.66;10687.11
PI;Bom Jesus;1123183.43;1192038.04;392596.43;387426.1;607260;683016;107678.79;105021.1;15648.2;16574.83;753375.08;120413.22;873788.3;35360.3;793686.21;114658.69;908344.9;36392.02
BA;Bom Jesus da Lapa;218290.04;204785.17;111262.65;116684.55;31157;18317;52509.76;46790.87;23360.62;22992.74;909174.38;86623.53;995797.9;14101.19;920861.26;89252.19;1010113.45;14722.75
TO;Bom Jesus do Tocantins;1727199.89;1784560.84;546963.36;555751.92;1163169;1212901;8049.49;6154.48;9018.04;9753.43;61783.23;1434;63217.23;13450.47;72313.39;1702.34;74015.73;15487.7
MA;Bom Lugar;170748.65;117501.52;88466.37;90615.56;76352;21608;2871.93;2189.67;3058.35;3088.29;82819.27;3067.93;85887.2;5297.1;86819.14;3031.78;89850.92;5564.21
TO;Brasilândia do Tocantins;197290.93;224120.13;72353.78;75336.9;108881;133027;15080.59;14748.01;975.56;1008.21;35636.61;2854.49;38491.1;17503.91;37697.57;3357.76;41055.33;18738.17
TO;Brejinho de Nazaré;340408.62;260915.4;129294;128412.18;205721;127207;3116.23;3077.57;2277.39;2218.65;150622.85;3825.74;154448.59;28086.67;188908.26;4699.6;193607.86;35362.17
MA;Brejo;195379.09;143899.79;36309.34;38621.81;134829;82800;16618.94;14776.24;7621.81;7701.73;260640.49;13383.83;274024.32;7590.28;277953.81;14131.83;292085.64;8082.28
BA;Brejolândia;195683.48;332931.01;144808.91;144611.09;44918;182412;2851.8;2918.73;3104.77;2989.19;77809.14;2572.83;80381.97;7420.1;81821.41;3083.77;84905.18;8091.6
MA;Buriti;275455.4;212114.89;28318.02;28639.19;236151;169654;5320.45;7956.63;5665.93;5865.07;180367.89;7175.6;187543.48;6625.57;194971.32;7521.72;202493.04;7090.84
MA;Buriti Bravo;464893.89;323642.59;62027.03;58600;392465;254925;5638.48;5334.88;4763.37;4782.71;147474.1;6316.76;153790.86;6545.68;161733.43;7705.58;169439.01;7111.22
TO;Buriti do Tocantins;133111.77;141881.56;58024.54;64319.75;65060;67613;6003.57;5695.36;4023.66;4253.45;90324.62;4437.06;94761.68;8510.25;93315.61;4451.87;97767.48;8731.58
MA;Buritirana;376902.64;387137.13;121908.96;131840.69;248636;249835;2685.01;1779.4;3672.68;3682.04;86487.35;2930.19;89417.53;5890.48;96395.99;3048.79;99444.77;6460.39
TO;Cachoeirinha;277698.84;281357.23;45863.48;43839.96;36124;40509;157315.61;152112.38;38395.75;44895.88;24983.19;921.15;25904.34;11381.52;26257.4;955.88;27213.28;12009.39
MA;Campestre do Maranhão;290047.19;252390;130245.81;142072.76;112350;62015;42888.8;43314.56;4562.58;4987.67;165134.87;8512.19;173647.06;12212.33;157637.35;7750.72;165388.08;11570.45
TO;Campos Lindos;498999.6;490215.52;146345.69;173232.04;330761;297783;19832.7;16903.34;2060.21;2297.13;264321.93;26263.1;290585.03;29666.67;289287.69;17201.82;306489.51;30905.47
BA;Canápolis;264371.17;246428.94;194173.04;174123.76;50373;50026;11642.83;14192.1;8182.31;8087.08;62545.53;1834.81;64380.34;6342.27;63549.47;2170.65;65720.12;6762.02
MA;Cantanhede;174394.82;224529.95;23647.88;24190.13;141435;191871;3447.23;2461.31;5864.72;6007.5;114762.8;5303.71;120066.5;5518.02;118976.87;5482.5;124459.36;5690.35
MA;Capinzal do Norte;194514.27;184389.55;77676.93;66856.16;112133;112723;2150.55;2198.97;2553.79;2611.42;125628.59;5447.43;131076.02;12235.23;137996.63;5913.29;143909.92;13164.1
BA;Carinhanha;154221.75;155291.85;116102.39;116535.87;17518;17381;12728.52;13094.3;7872.84;8280.68;199816.78;9144.25;208961.03;6938.08;204627.29;9786.59;214413.88;7402.52
TO;Cariri do Tocantins;331771.9;358240.36;137843.71;138320.61;63239;75542;129168;142885.54;1521.19;1492.21;290957.65;54150.03;345107.68;80332.33;285557.86;63314.81;348872.68;80738.87
TO;Carmolândia;90668.5;89694.89;67011.66;66983.94;17327;19008;5480.01;2867.25;849.83;835.7;33848.81;1922.57;35771.38;14000.54;35332.3;1582.63;36914.93;14442.46
MA;Carolina;892450.67;1278968.15;226925.32;227404.08;641384;1029854;14631.02;11994.68;9510.34;9715.39;290836.33;17294.86;308131.18;12945.06;304356.95;18558.92;322915.87;13268.52
TO;Carrasco Bonito;119868.55;123857.09;41913.35;42946.41;75770;78927;571.58;394.66;1613.63;1589.02;36497.13;918.33;37415.45;9226.99;38944.2;890.62;39834.81;9813.95
TO;Caseara;363876.04;355851.99;129595.94;128368.07;193361;188116;39570.86;38045.84;1348.25;1322.07;127846.17;4834.95;132681.12;25200.59;150718.96;7974.83;158693.79;29970.5
BA;Catolândia;138182.97;133495.25;28379.4;24715.36;53089;51341;54527.65;55402.83;2186.92;2036.06;64571.59;10980.66;75552.25;20592.06;71096.67;14182.91;85279.58;23988.63
MA;Caxias;672185.08;658919.66;84731.27;97250.44;387553;354636;142841.95;147450.3;57058.86;59582.92;1538347.12;170600.08;1708947.2;10506.45;1636886.57;177209.57;1814096.14;11046.47
TO;Centenário;240302.89;334172.05;73655.41;70776.04;161084;258150;3514.33;3230.62;2049.15;2015.39;31986.74;1022.32;33009.06;11517.47;33210.57;1089.4;34299.96;11934.57
TO;Chapada da Natividade;234813.89;234329.05;81639.09;80015;148621;149617;3269.03;3419.48;1284.76;1277.57;64459.78;1834.27;66294.05;19706.91;61829.3;2350.61;64179.91;19250.12
TO;Chapada de Areia;132974.9;115046.25;66707.05;59749.72;65727;54760;-;-;540.86;536.54;25377.02;642.14;26019.16;18492.65;23289.2;625.67;23914.86;17069.85
MA;Chapadinha;302018.7;293196.81;40735.3;39628.24;199165;197060;43151.37;36729.65;18967.04;19778.92;603666.17;51981.77;655647.94;8303.02;653016.15;59054.78;712070.94;8997.04
MA;Cidelândia;605663.22;530254.51;184665.46;199487.35;380623;281636;36198.24;44956.66;4176.53;4174.5;121125.66;7065.59;128191.25;8817.06;121260.07;9159.24;130419.32;8922.44
BA;Cocos;396937.84;543893.14;108595.81;109487.59;274388;419028;8452.46;9936.82;5501.58;5440.72;267671.24;21824.13;289495.37;14847.44;291709.7;26189.28;317898.98;16958.23
MA;Codó;1358853.98;1616341.21;197045.05;212846.61;1078229;1317333;46389.85;47292.27;37190.07;38869.33;868659.26;85403.37;954062.63;7897.22;873568.97;89611.22;963180.19;7856.47
MA;Coelho Neto;241864.55;174159.02;41779.05;52263.36;169804;95923;17055.2;12575.18;13226.3;13397.48;317052.42;20768.99;337821.41;6928.82;346052.1;21447.48;367499.57;7462.53
MA;Colinas;710977.51;518819.51;160853.55;178470.33;505057;299247;32580.17;28274.83;12486.79;12827.34;303788.55;17793.61;321582.16;7925.62;358736.39;24808.12;383544.51;9345.17
TO;Colinas do Tocantins;467140.19;427936.23;244488.52;219929.37;56987;49463;148886.77;141272.09;16777.9;17271.77;615969.64;72242.4;688212.04;19754.07;646307.24;79836.98;726144.22;20752.91
TO;Colméia;368291.11;295839.71;200043.12;199258.58;156003;85239;7880.9;7010.15;4364.09;4331.97;135235.87;10031.22;145267.09;17275.19;134754.21;9951.59;144705.8;17497.68
PI;Colônia do Gurguéia;28944.88;22328.77;12927.83;12786.24;9252;2418;4763.45;5137.95;2001.59;1986.59;48607.85;3701.07;52308.92;8209.18;54640.25;4943.72;59583.97;9236.39
TO;Combinado;70745.84;68547.83;50068.17;50155.31;12699;11045;5706.9;4733.39;2271.77;2614.14;60624.28;5440.47;66064.75;13554.52;62013.09;5438.35;67451.44;13927.62
TO;Conceição do Tocantins;253767.21;191363.27;68877.84;66524.61;179417;119807;4190.95;3684.9;1281.42;1346.76;46549.84;3174.17;49724.01;11898.54;48432.46;3602.15;52034.61;12617.51
BA;Coribe;183817.74;178601.19;126596.1;124732.26;49305;44990;3890.21;4921.07;4026.43;3957.86;111515.15;5773.12;117288.27;7854.3;117006.45;8807.42;125813.87;8835.24
MA;Coroatá;728931.91;692803.77;76055.73;83159.03;617861;573976;14713.06;14851.15;20302.12;20817.6;375134.32;22603.95;397738.27;6175.77;430732.17;26611.48;457343.66;7031.3
PI;Corrente;252590.51;434249.6;106753.22;74340.25;116870;330868;20037.75;19786.7;8929.54;9254.65;348758.32;32305.23;381063.55;14541.64;407637.73;46246.62;453884.35;17079.37
BA;Correntina;1987582.43;1991731.82;342742.88;371215.01;1416640;1366565;218737.22;244717.75;9462.33;9234.07;1155790.21;109597.52;1265387.73;37930.15;1787855.84;156305.84;1944161.68;60601.65
BA;Cotegipe;504631.87;407772;164139.74;171359.03;330682;227414;5020.77;4548.73;4789.35;4450.24;122597.39;4400.46;126997.85;8810.73;121773.56;4969.05;126742.61;9186.91
TO;Couto Magalhães;303397.27;276998.62;133363.31;122803.45;120730;122646;47376.5;29634.56;1927.45;1914.62;87993.17;7831.13;95824.3;17331.22;109963.67;6396.66;116360.32;21018.84
TO;Cristalândia;507465.04;449264.46;190210.03;161304.89;301583;274447;12317.34;10263.94;3354.66;3248.63;100175.94;5963.09;106139.03;14393.68;103745.01;6184.25;109929.26;15058.8
PI;Cristalândia do Piauí;141806.11;148094.07;47246.77;40893.75;90562;103601;1810.2;1376.77;2187.13;2222.55;51773.09;1966.84;53739.93;6590.62;54642.18;2040.69;56682.87;6859.01
PI;Cristino Castro;74702.3;104785.98;17279.04;11054.51;44497;80549;9755.42;9757.42;3170.84;3425.05;91937.46;7107.31;99044.77;9660.08;93553.53;8377.42;101930.95;9800.11
BA;Cristópolis;135435.51;152578.87;54940.02;52720.92;52633;76432;23693.5;19223.87;4168.98;4202.07;101566.48;7954.94;109521.42;7604.07;103777.11;7762.48;111539.58;8040.63
TO;Crixás do Tocantins;196957.76;203651.11;96945.57;89570.27;94174;107892;5141.77;5487.69;696.42;701.15;39190.74;1894.73;41085.47;24054.72;41339.15;2200.23;43539.38;25491.44
PI;Curimatá;86741.62;64569.26;50300.51;48405.66;26121;7145;6910.26;5559.43;3409.85;3459.17;84982.09;3852.87;88834.96;7938.78;96451.36;5575.41;102026.77;8990.73
PI;Currais;230112.82;337381.02;50343.32;78000.62;177679;254880;389.14;2671.77;1701.36;1828.63;146162.31;10291.69;156454;32119.48;256684.29;15709;272393.29;55151.51
TO;Darcinópolis;301182.02;413848.31;68747.14;64347.29;194123;310464;36109.1;36711.53;2202.79;2325.5;126508.92;9237.23;135746.14;22669.7;174500.19;11627.58;186127.77;30928.51
MA;Davinópolis;205898.32;211456.12;126857.25;131161.06;71819;73944;3058.77;1858.94;4163.29;4492.12;489975.38;133884.76;623860.14;49281.94;383906.61;101806.49;485713.11;37649.26
TO;Dianópolis;414317.05;412835.43;101163.13;99296.25;258529;257783;45433.04;46207.73;9191.88;9548.45;283266.65;22704.77;305971.41;14075.42;321068.11;26612.58;347680.69;15912.16
TO;Divinópolis do Tocantins;497555.57;423349.54;242071.12;221694.51;239552;186140;13288.01;12909.8;2644.44;2605.23;113068.42;7189.43;120257.85;17509.88;115014.62;8045.94;123060.56;17949.32
TO;Dois Irmãos do Tocantins;908008.56;807614.67;322230.89;300531.55;579872;501485;3826.59;3791.03;2079.08;1807.09;98134.03;4250.27;102384.3;14052.2;98462.35;4034.23;102496.58;14213.92
MA;Dom Pedro;202195.74;185136.8;40707.5;43035.27;118693;106218;35025.48;28004.1;7769.76;7879.44;206795.76;16765.16;223560.92;9757.37;212867.55;16971.36;229838.91;9852.49
TO;Dueré;889861.85;852479.09;363787.29;339996.85;517047;502927;7179.93;7750.67;1847.63;1804.57;115185.94;4983;120168.94;25421.82;110746.44;4571.56;115318;24603.8
MA;Duque Bacelar;48686.85;57245.47;10966.81;10914.27;33050;41670;1892.57;1858.1;2777.48;2803.1;66085.55;2556.14;68641.69;6124.35;74495.55;2547.39;77042.93;6820.37
PI;Eliseu Martins;230992.56;28238.99;15854.82;13814.56;206668;6421;6415.12;5879.56;2054.62;2123.88;37850.11;2996.4;40846.51;8449.84;41243.89;3485.01;44728.9;9128.35
TO;Esperantina;256343.6;204157.62;96050.7;91627.86;124179;75138;24345.5;24733.21;11768.4;12658.55;397793.85;26273.84;424067.7;16595.53;431852.61;32543.52;464396.13;17683.71
MA;Esperantinópolis;155311.24;153393.02;39406.99;44927.29;104550;96017;6471.26;7170.88;4882.99;5277.85;118071.46;6036.75;124108.2;7452.6;133172.15;7334.25;140506.4;8084.84
MA;Estreito;699368.45;923233.48;233889.98;243324.75;402851;613612;48500.85;51279.88;14126.63;15016.85;761102.21;32858.16;793960.37;18854.44;940843.3;42224.28;983067.57;23771.43
TO;Fátima;137624.25;124012.49;81307.24;76924.06;27882;20414;22570.52;20869.83;5864.48;5804.6;228509.79;10728.22;239238.02;25051.79;224912.04;12818.37;237730.4;27209.1
BA;Feira da Mata;58408.82;62070.42;48342.43;51301.35;6126;6722;2000.38;2004.93;1940.01;2042.14;43906.15;1827.37;45733.52;7722.65;43631;1839.67;45470.67;8022.35
MA;Feira Nova do Maranhão;296522.62;379747.65;127605.04;130758.26;163699;243651;3457.43;3468.2;1761.15;1870.19;62717.68;2397.49;65115.17;7777.73;72655.26;3041.9;75697.17;8925.5
MA;Fernando Falcão;261211.22;253645.98;41774.72;44443.39;215417;205226;2403.73;2357.75;1615.76;1618.84;52960.73;1885.57;54846.29;5311.48;68683.41;1596.08;70279.49;6851.19
TO;Figueirópolis;323628.6;340275.79;198627.72;208294.61;94407;98654;28422.92;31221.38;2170.96;2105.8;143382.06;13873.97;157256.03;29382.67;156017.05;14291.19;170308.24;32230.93
TO;Filadélfia;469631.04;431182.34;229845.1;230573.21;224454;183961;7390.88;8140.88;7941.06;8507.25;209970.89;8551.61;218522.5;18045.55;212172.82;9228.11;221400.93;18805.18
MA;Formosa da Serra Negra;670045.37;724679.77;217417.17;239351.59;442541;475038;6085.55;6234.92;4001.65;4055.26;126306.6;5526.64;131833.25;6939.69;133809.58;6238.28;140047.85;7403.28
BA;Formosa do Rio Preto;1144184.1;1300880.03;336223.51;386492.66;717982;818989;82355.64;87860.38;7622.94;7537.99;1652504.35;92278.59;1744782.94;67334.94;2589307.58;105841.6;2695149.18;106481.34
TO;Formoso do Araguaia;1519060.28;1327504.99;812940.87;654814.5;679149;644039;18579.25;20194.14;8391.16;8457.35;371589.86;24562.75;396152.61;21202.77;324680.01;24882.24;349562.25;18913.66
TO;Fortaleza do Tabocão;314260.68;348770.96;110869.25;112367.29;51228;64046;150707.38;170948.9;1456.06;1408.78;127127.07;23883.83;151010.9;58440.75;155493.49;31878.52;187372.01;72737.58
MA;Fortaleza dos Nogueiras;343067.47;435492.43;151078.93;162016.66;178371;259451;9796.79;10138;3820.75;3886.77;135194.76;6642.76;141837.51;11435.74;150813.76;7770.67;158584.43;12571.1
MA;Fortuna;342164.06;234110.26;73434.5;74977.54;260659;151514;3904.08;3491.39;4166.48;4127.32;98284.78;4413.89;102698.68;6729.04;103045.57;5142.65;108188.22;6963.71
PI;Gilbués;169041.3;167235.96;55338;52012.57;105723;106979;5107.18;5287.31;2873.12;2957.08;174118.93;11761.96;185880.89;17665.93;211659.04;14690.07;226349.11;21181.84
TO;Goianorte;404637.91;334198.96;217647.86;203978.61;180681;123959;3865.31;3801;2443.73;2460.35;75069.84;4172.23;79242.07;15377.85;71608.72;3756.69;75365.42;14731.32
TO;Goiatins;626783.91;689879.93;142461.5;144151.61;476539;537700;4485.6;4721.78;3297.81;3306.54;145326.84;4686.93;150013.77;11563.54;156310.82;5307.37;161618.19;12487.88
MA;Gonçalves Dias;653207.25;471776;64378.28;72995.99;576024;387881;8385.77;6370.73;4419.2;4528.29;108381.67;6159.91;114541.57;6513.22;114317.75;6559.3;120877.05;6743.87
MA;Governador Archer;370852.7;199553.49;57668.4;62552.33;310026;134065;477.54;138.79;2680.75;2797.37;64838.39;2402.27;67240.66;6284.17;74991.28;2740.18;77731.45;7202.02
MA;Governador Edison Lobão;190653.26;190762.46;64755.12;68573.47;83628;84467;36173.15;31613.71;6096.98;6108.28;238984.12;23412.15;262396.27;14326.07;237098.02;19978.39;257076.42;14228.27
MA;Governador Eugênio Barros;411916.15;304530.01;53504.59;55938.14;351578;241044;2843.08;3487.47;3990.49;4060.41;91566.26;3495.44;95061.69;5732.82;93695.94;4082.76;97778.7;5829.88
MA;Governador Luiz Rocha;280437.04;192321.03;24503.88;26257.44;251928;162104;2318.29;2138.37;1686.86;1821.22;49079.51;1830.46;50909.97;6604.82;53361.3;2158.34;55519.64;7143.55
MA;Graça Aranha;205132.95;167137.78;17075.14;18984.5;185438;145531;1308;1271.15;1311.81;1351.13;40618.96;1535.29;42154.25;6872.23;42832.1;1602.82;44434.92;7094.83
MA;Grajaú;1890492.84;1978841.3;347460.7;386536.69;1428906;1471716;95112.42;101171.49;19013.72;19417.13;626327.42;43441.76;669769.19;9674.27;697445.71;54208.62;751654.33;10913.15
TO;Guaraí;637022.6;959811.57;243720.35;238874.74;316395;652533;61956.83;53267.95;14950.42;15135.88;537731.55;65429;603160.55;23522.37;581049.94;70421.95;651471.89;25371.81
TO;Gurupi;571547.23;557593.11;195598.41;186711.7;138326;150063;192880.88;173881.4;44741.94;46937.01;1970350.07;266064.79;2236414.86;26149.86;1936150.6;266469.24;2202619.84;25690.42
MA;Humberto de Campos;58997.91;53128.37;13560.49;6378.04;33190;32767;6905.4;8563.61;5342.02;5419.73;139521.06;5228.15;144749.21;5077.32;154478.95;6870.09;161349.04;5661.77
MA;Igarapé Grande;73910.38;85883.89;33692.14;39173.22;31928;38392;4621.12;4614.06;3669.12;3704.61;77750.66;4084.31;81834.96;7302.78;84435.82;4581.51;89017.33;7911.24
MA;Imperatriz;1234102.37;1217486.75;143118.94;158429.89;274420;212990;543465.31;557437.97;273098.12;288628.89;5839173.37;770248.87;6609422.24;25963.19;6318057.84;808688.14;7126745.97;27621.33
TO;Ipueiras;248812.16;194444.85;91231.25;86109.4;141331;89779;9546.78;11783.29;6703.14;6773.17;35819.1;850.4;36669.5;18756.78;29188.37;1165.43;30353.79;15353.46
TO;Itacajá;396769.41;506337.17;168747.9;161662.23;221094;337767;3933.47;3908.28;2994.04;2999.66;93600.85;4756.93;98357.78;13191.76;94435.47;5018.08;99453.55;13414.29
TO;Itaguatins;260687.9;220999.76;109830.16;110369.16;148056;107860;959.75;873.29;1841.99;1897.31;57797.13;1649.26;59446.38;9940.87;62549.85;1653.18;64203.03;10889.25
MA;Itaipava do Grajaú;404468.68;382050.26;60116.6;61881.67;339479;315268;1875.94;1885.07;2997.14;3015.51;76097.83;2471.43;78569.26;4907.82;82082.59;2330.84;84413.43;5310.02
MA;Itapecuru Mirim;372153.86;332933.24;47834.17;48376.98;240810;203998;61688.85;57650.46;21820.84;22907.8;544037.57;50043;594080.58;8771.82;515248.49;49298.41;564546.9;8342.28
TO;Itapiratins;297279.85;372763.81;136130.24;131128.97;157068;237370;2781.88;2986.34;1299.73;1278.5;67745.55;2341.17;70086.71;18580.78;68598.29;2421.22;71019.5;18898.22
TO;Itaporã do Tocantins;267547.79;236218.9;208832.81;193765.04;56311;40279;1285.57;1031.32;1118.41;1143.54;41632.99;1616.65;43249.64;17545.49;40801.77;2324.4;43126.17;17710.95
MA;Itinga do Maranhão;1088453.95;1660611.2;217710.17;227694.68;830190;1391740;28681.07;29303.1;11872.7;11873.41;266123.2;17369.71;283492.91;11078.7;300242.36;20924.83;321167.19;12384.98
BA;Jaborandi;740075.11;926377.65;275195.13;281619.88;431918;609536;26408.59;28656.16;6553.38;6565.6;391423.41;24032.66;415456.07;45876.33;634803.09;30752.34;665555.42;78337.5
MA;Jatobá;304045.46;234616.72;41863.05;58205.57;251929;161493;4887.49;9312.02;5365.92;5606.13;58792.7;1132.29;59924.99;5862.93;63785.76;1179.66;64965.42;6501.09
TO;Jaú do Tocantins;331270.27;365353;187125.52;172609.04;140919;189214;2103.27;2426.01;1122.47;1103.95;56096.92;2316.7;58413.62;15287.52;57840.45;2118.1;59958.54;15700.06
MA;Jenipapo dos Vieiras;678566.8;674038.72;123233.68;124319.54;549428;543717;2917.33;2803.85;2987.79;3198.33;86764.02;2438.65;89202.67;5465.51;91626.24;2134.64;93760.87;5705.99
MA;João Lisboa;354196.61;275011.51;166514.67;172125.26;173406;89570;8034.04;6745.84;6241.89;6570.41;180407.04;9737.81;190144.85;8252.1;205890.85;10932.76;216823.61;9150.22
MA;Joselândia;269735.73;204400.15;43611.2;38361.39;218776;158504;3963.22;4088.55;3385.31;3446.21;93553.25;3915.93;97469.18;6133.61;96350.9;4131.92;100482.81;6227.24
TO;Juarina;94606.11;96969.37;62493.63;56152.57;30055;38721;890.19;908.42;1167.29;1187.39;34418.14;1216.39;35634.53;15986.78;29383.43;1148.3;30531.73;13865.45
PI;Júlio Borges;36956.14;32342.73;34124.86;28889.58;406;1243;1151.62;959.93;1273.67;1250.21;38724.96;1724.73;40449.69;7309.3;41484.14;1697.7;43181.85;7691.81
MA;Lago do Junco;70410.44;69727.09;21602.2;21980.73;45668;44561;749.91;778.15;2390.33;2407.22;63442.58;2267.34;65709.92;6157.23;67058.2;2228.39;69286.59;6410.68
MA;Lago dos Rodrigues;56342.78;52074.26;29877.88;30434.13;21734;16690;2179.54;2303.39;2551.36;2646.74;68678.98;3367.49;72046.47;8315.61;76278.63;3442.65;79721.28;8968.53
MA;Lago Verde;201868.17;136280.82;83829.95;85385.21;111616;44843;2840.16;2270.94;3582.07;3781.67;95898.89;3332.17;99231.06;6192.27;101827.87;3754.58;105582.44;6517.84
TO;Lagoa da Confusão;1687450.34;1850545.2;689741.63;649070.58;938856;1164326;55058.05;32897.86;3794.66;4250.76;486505.56;41031.64;527537.2;41188.1;448014.93;35637.82;483652.75;37107.01
MA;Lagoa do Mato;270335.76;263610.62;46490.25;43342.03;220058;216175;1691.46;1989.32;2096.04;2104.26;72587.46;2858.77;75446.23;6828.95;75778.56;2572.94;78351.5;6973.88
TO;Lagoa do Tocantins;116790.15;172451.67;28823.46;28477.81;85634;141436;1093.9;1242.98;1238.79;1294.88;37702.08;915;38617.08;9214.29;38713.79;1055.32;39769.11;9386.15
TO;Lajeado;276567.66;309727.49;28580.45;26918.13;14395;25883;197658.58;218475.57;35933.63;38450.79;61029.1;3180.38;64209.47;20766.32;63866.64;3789.92;67656.56;21817.66
MA;Lajeado Novo;348460.14;330214.24;83928.24;96630.67;253280;223679;9130.36;7802.42;2121.54;2102.16;66818.77;3638;70456.76;9408.03;71039.48;4290.98;75330.46;10049.42
PI;Landri Sales;40808.75;67555.96;21969.29;21661.58;15541;42574;1588.64;1635.1;1709.82;1685.28;58358.09;3438.42;61796.51;11845.22;72956.83;4774.54;77731.37;14646.95
TO;Lavandeira;70297.57;65033.02;43039.47;41371.33;26518;22851;-;-;740.09;810.69;23101.24;778.15;23879.39;12735.67;23129.86;594;23723.86;12539.04
MA;Lima Campos;83144.51;91854.22;16879.97;17077.32;59019;68340;4397.67;3293.73;2847.88;3143.18;144858.98;5659.51;150518.49;12870.33;165772.09;5821.49;171593.58;14459.73
TO;Lizarda;123030.13;153439.04;43109.8;48622.11;77062;102167;1573.82;1307.25;1284.51;1342.68;33311.44;890.22;34201.66;9031.33;41543.18;918.16;42461.34;11329.07
MA;Loreto;368745.31;463131.12;78237.86;91002.76;234865;310002;52095.18;58509.82;3547.27;3616.54;186477.22;5458.97;191936.19;15982.7;215272.1;6103.08;221375.18;18298.49
BA;Luís Eduardo Magalhães;856386.51;924350.96;195819.62;211918.03;235086;242229;396562.96;436433.9;28917.93;33770.03;4077802.13;721694.47;4799496.6;57439.79;5259329;924843.77;6184172.78;72967.01
TO;Luzinópolis;53356.82;71752.78;22158.22;21605.25;28905;46935;1269.53;2123.3;1024.08;1089.23;32742.32;1469.73;34212.05;11261.37;32036.69;1648.91;33685.6;11008.37
MA;Magalhães de Almeida;73128.35;85089.81;27459.68;29471.92;29692;39956;11605.92;11004.3;4370.74;4657.59;110626.39;4841.91;115468.3;5837.92;118179.28;4933.12;123112.4;6274.84
PI;Manoel Emídio;65153.16;86024.63;16215.25;16429.82;45661;66389;1691.62;1538.62;1585.29;1667.19;40425.66;1985.46;42411.11;8053.76;39788.6;2300.05;42088.65;7869.98
BA;Mansidão;326288.17;331444.84;37808.93;39268.79;282012;285573;2999.21;3106.05;3468.04;3497.01;68996.86;2549.49;71546.35;5125.46;73307.69;2834.03;76141.72;5620.97
PI;Marcos Parente;20255.94;24840.79;12724.96;12552.76;3596;8541;2113.26;1872.83;1821.72;1874.2;36944.67;2790.82;39735.48;8873.49;38905.87;2895.47;41801.34;9187.11
TO;Marianópolis do Tocantins;502373;481095.22;241782.23;219571.6;254751;255516;4408.23;4705.77;1431.54;1301.84;115121.76;5226.92;120348.68;23812.56;120529.26;5833.23;126362.49;24806.14
MA;Mata Roma;52356.59;63661.27;10775.37;11657.88;30851;39559;5837.64;7266.16;4892.58;5178.23;117228.93;5233.19;122462.12;7313.35;140792.85;6059.55;146852.4;8804.63
TO;Mateiros;132317.8;211492.76;66965.2;72416.02;59754;134747;4886.5;3622.62;712.1;707.12;122906.04;3361.19;126267.23;48304.22;132659.49;2822.93;135482.42;51358.01
MA;Matões;499963.19;485930.08;31988.69;33177.5;452575;437652;7999.85;7423.58;7399.65;7677;166161.77;8311.84;174473.61;5227.83;175731.11;9145.92;184877.03;5499.84
MA;Matões do Norte;456528.51;449841.97;48113.75;46934.8;405275;399787;112.18;27.19;3027.59;3092.98;77510.98;1786.24;79297.22;4689.92;77204.12;1566.29;78770.41;4788.18
TO;Maurilândia do Tocantins;121786.53;135575.14;48210.47;51525.93;71765;82233;271.94;299.3;1539.12;1516.92;32339.48;884.89;33224.37;9746.08;35622.68;1008.78;36631.45;10764.46
MA;Milagres do Maranhão;45784.71;39909.08;11233.62;12041.63;32598;25858;338.99;368.31;1614.1;1641.14;49248.57;1029.1;50277.68;6038.64;52345.03;993.87;53338.9;6316.03
TO;Miracema do Tocantins;641980.29;580433.94;276665;261041.66;339275;292501;17371.49;17955.54;8668.8;8935.74;490692.95;35876.23;526569.17;27634.17;488004.52;38295.26;526299.77;28347.5
MA;Mirador;724879.43;690446.43;166456.69;173850.85;542701;500689;8181.22;8033.25;7540.52;7873.32;172577.06;7185.93;179762.99;8720.86;197422.22;8506.44;205928.67;9806.13
MA;Miranda do Norte;884736.83;487057.62;46475.91;46731.33;159967;78702;670529.17;353392.42;7764.75;8231.86;446017.27;41734.89;487752.16;17140.57;506119.53;48557.32;554676.85;19809.18
TO;Miranorte;403609.08;409807.96;164510.69;155431.09;163130;179284;70639.07;69691.48;5329.33;5401.39;208200.69;19543.34;227744.03;16962.91;239096.79;23700.92;262797.71;19648.43
PI;Monte Alegre do Piauí;248784.17;191013.07;55177.66;67324.7;182380;114168;8679.45;6946.94;2547.07;2573.42;145452.93;9673.65;155126.58;14847.49;184195.63;11948.14;196143.77;18484.95
TO;Monte do Carmo;475474.04;580579.49;179602.27;190268.68;292418;386963;1458.73;1327.79;1995.04;2020.02;156105.31;3378.33;159483.64;20525.56;173629.28;4550.14;178179.42;22764.71
TO;Monte Santo do Tocantins;336517.56;296282.07;136202.5;119111.82;199247;176098;-;-;1068.06;1072.25;35211.71;1361.52;36573.23;16154.25;34785.35;1086.55;35871.9;15851.48
MA;Montes Altos;262250.3;221866.98;74312.34;85150.38;183781;131838;1518.71;2212.13;2638.25;2666.47;60093.62;1703.61;61797.23;6952.1;64126.48;1982.14;66108.63;7178.7
PI;Morro Cabeça no Tempo;28454.06;26305.61;19486.91;14391.67;7428;10072;425.3;646.74;1113.84;1195.2;29892.41;732.84;30625.24;7532.03;30740.66;867.03;31607.69;6972.8
TO;Muricilândia;147974.25;177039.34;119937.9;129890.83;26217;45740;730.44;294.34;1088.91;1114.17;41355.4;1744.16;43099.56;12289.58;41867.84;1135.39;43003.23;12237.69
TO;Natividade;608157.18;574028.87;218789.47;230067.51;362858;314748;19278.91;21545.46;7230.8;7667.91;109688.88;7227.91;116916.79;12555.5;163922.08;10753.18;174675.26;18906.3
TO;Nazaré;134749.12;125808.47;56936.91;53294.18;42065;43039;25046.34;18410.68;10700.87;11064.6;287137.5;17779.27;304916.76;19883.62;287912.02;18174.43;306086.45;20344.16
MA;Nina Rodrigues;38014.81;25897.37;13870.9;14114.73;21145;8194;140.13;759.82;2858.78;2828.82;63386.71;1440.23;64826.94;4474.22;70566.08;1893.88;72459.96;5079.92
MA;Nova Colinas;139575.16;165999.57;69797.78;74082.06;66913;89188;1648.45;1517.85;1215.93;1211.66;54164.84;1676.62;55841.46;10437.66;55591.47;1692.64;57284.11;10727.36
MA;Nova Iorque;63696.56;75488.19;18103.7;16916.46;42856;56360;1390.16;833.62;1346.69;1378.11;35653.82;1166.75;36820.57;8028.91;37399.3;1329.14;38728.44;8270.01
TO;Nova Olinda;535808.55;544982.12;205358.65;185140.91;180861;203035;135253.18;141908.94;14335.73;14897.27;243338.49;39395.43;282733.92;24134.35;222226.57;42110.64;264337.21;22556.29
TO;Nova Rosalândia;109834.99;130806.45;53945.23;47678.22;51583;79530;3098.37;2418.55;1208.39;1179.68;46984.06;2400.2;49384.26;11749.76;52552.55;2493.28;55045.83;13059.51
TO;Novo Acordo;190430.91;295794.36;30221.09;33323.7;154993;257180;3680.45;3712.11;1536.36;1578.55;44785.81;1697.64;46483.46;10893.71;50536.54;1878.54;52415.08;12226.52
TO;Novo Alegre;56446.66;44702.81;46418.33;39939.42;7740;2506;1357.09;1224.78;931.24;1032.61;26047.61;1006.75;27054.36;11497.81;26300.7;1060.73;27361.43;11733.03
TO;Novo Jardim;82843.49;79992.02;26156.22;25296.17;55530;53576;77.87;20.56;1079.4;1099.29;27821.69;1111.61;28933.3;10727.96;28081.64;1128.42;29210.06;10826.56
MA;Olho d'Água das Cunhãs;191727.15;177261.15;121901.36;118728.42;56596;46095;7932.08;7041.34;5297.71;5396.39;131427.58;5515.23;136942.81;7130.21;143853.06;6827.74;150680.8;7747.88
TO;Oliveira de Fátima;32759.11;38742.73;23555.7;20982.51;8769;17320;9.26;10.54;425.15;429.69;19060.59;594.62;19655.21;17707.39;19683.44;638.69;20322.14;18374.45
TO;Palmas;1080320.04;976339.18;180977.89;169102.56;368544;302847;403506.07;371447.22;127292.09;132942.4;7399721.23;1103772.08;8503493.31;29650.9;8142064.07;1283067.88;9425131.95;32293.89
PI;Palmeira do Piauí;92512.22;246102.07;29836.61;27264.74;52291;209146;8482.2;7681.82;1902.41;2009.51;66905.8;4182.7;71088.51;14312.16;66905.74;3924.86;70830.6;14023.08
TO;Palmeirante;544660.43;682307.48;145257.63;138823.12;396874;540830;989.64;1101.16;1539.15;1553.21;79054.14;2929.83;81983.98;13992.83;92707.34;3165.63;95872.97;16197.49
TO;Palmeiras do Tocantins;181111.12;198939.42;64177.51;66887.69;113474;128199;413.31;736.28;3046.3;3116.45;62302.15;2266.55;64568.7;9880.44;66333.27;2420.88;68754.15;10464.86
TO;Palmeirópolis;276800.85;242585.23;133306.17;122346.32;134068;110685;6471.89;6651.2;2954.8;2902.71;107064.62;7103.31;114167.93;14852.08;111640.11;7130.09;118770.19;15543.8
MA;Paraibano;196579.03;170699.72;42099.28;40714.48;137269;111218;9177.76;10662.38;8033;8104.86;131022.78;7164.34;138187.13;6544.19;128406.88;8916.65;137323.53;6450.14
TO;Paraíso do Tocantins;453564.28;462392.35;188353.82;168016.92;104918;121641;132803.92;144590.54;27488.53;28143.89;1086252.02;151202.74;1237454.76;24572.18;1070882.19;159567.52;1230449.71;24316.23
TO;Paranã;899958.67;831596.33;251545.44;254307.95;639423;566700;5732.16;7173.93;3258.06;3414.46;207091.61;7150.57;214242.18;20284.24;206397.5;8938.1;215335.6;20584.61
BA;Paratinga;118102.94;103374.05;79109.94;78460.58;22724;8824;8504.42;8296.27;7764.58;7793.2;200487.09;10793.29;211280.38;6408.84;203524.37;12106.92;215631.28;6769.58
PI;Parnaguá;145905.32;146974.45;84635.12;83809.33;49364;51444;2494.67;2362.7;9411.53;9358.42;76746.92;4223.69;80970.61;7629.38;84693.44;5389.1;90082.55;8370.43
MA;Parnarama;812053.6;767823.05;135516.32;132647.88;661568;619688;7593.72;8043.56;7375.55;7443.61;192795.99;6767.83;199563.82;5805.49;218967.32;9864.51;228831.83;6574.68
MA;Passagem Franca;387506.05;276267.71;52191.64;54534.5;325272;211825;5663.92;5369.15;4378.5;4539.05;122105.97;5863.25;127969.22;6792.78;140236.94;6937.56;147174.5;7787.83
MA;Pastos Bons;341439.34;210928.38;54954.04;51766.73;263967;137241;16491.52;15953.53;6026.78;5967.13;178860.19;11416.05;190276.24;9873.71;184759.34;12305.31;197064.65;10180.01
TO;Pau D'Arco;718790.24;881759.63;420122.82;406941.38;282864;455885;12113.91;15312.64;3689.51;3620.62;72643.62;2517.05;75160.68;15487.47;66275.74;2786.8;69062.53;14295.7
MA;Paulino Neves;37029.64;44693.15;14360.31;14840.6;12969;20463;6167.77;5817.76;3532.56;3571.79;98475.12;7530.21;106005.33;6651.52;94281.9;8880.89;103162.79;6487.82
MA;Pedreiras;141232.29;142602.4;51528.08;52146.71;55093;56359;21160.98;20924.32;13450.23;13172.37;516642.42;45849.48;562491.91;14661.59;548312.5;53822;602134.5;15334.36
TO;Pedro Afonso;658470.85;731237.19;330979.9;352915.09;287060;339139;34634.23;33487.23;5796.72;5695.87;608999.2;63379.98;672379.18;50600.48;473888.42;59229.03;533117.45;39844.35
TO;Peixe;909517.1;978734.17;454230.58;440161.83;446581;528766;5393.72;6501.22;3311.81;3305.12;529238.74;11393.14;540631.87;46642.38;519095.47;9162.16;528257.62;45449.34
TO;Pequizeiro;281524.11;258657.14;224644.04;215874.05;50435;37077;4059.32;3369.62;2385.75;2336.46;72374.4;3111.94;75486.34;13843.08;72316.04;3150.16;75466.2;13864.82
MA;Peritoró;233472.74;259937.1;48121.19;57469.99;129812;142460;50196.78;54562.9;5342.77;5444.2;167902.18;14784.97;182687.15;7936.36;196681.37;21125.82;217807.19;9459.6
TO;Pindorama do Tocantins;279358.6;235224.54;110129.81;98093.05;166112;134033;1484.01;1440.88;1632.77;1657.62;47404.98;1553.38;48958.36;10831.5;50920.62;2165.02;53085.64;11891.94
MA;Pio XII;282132.28;167007.56;53587.7;57601.43;216872;98489;5660.44;4780.1;6012.14;6137.03;140154.34;7203.26;147357.6;7063.78;150988.64;8300.98;159289.62;7376.57
MA;Pirapemas;290602.7;313632.41;53864.19;54324.71;229944;252669;2530.71;2308.78;4263.8;4329.92;106518.98;3886.81;110405.79;5996.08;112379.54;4147.26;116526.8;6289.57
TO;Piraquê;445487.54;325238.75;180975.99;179011.51;253283;134377;10209.59;10785.84;1018.95;1064.4;43627.09;1824.23;45451.32;14931.45;50375.43;1161.54;51536.97;17048.29
TO;Pium;1253751.21;1345651.12;384596.59;430480.16;860089;907845;6541.77;4750.66;2523.85;2575.3;133768.2;6798.21;140566.41;18652.65;150479.15;6874.38;157353.52;20802.95
MA;Poção de Pedras;317926.04;257248.99;111131.48;112863.46;198735;136063;3013.44;3197.52;5046.12;5125;129466.52;6074.52;135541.04;7962.23;143185.24;5920;149105.24;8212
TO;Ponte Alta do Bom Jesus;287585.61;376667.06;66266.67;66142.82;218279;307572;1537.93;1342.95;1502.02;1609.28;43012.94;2242.18;45255.12;9742.76;44857.86;2363.13;47221;10263.2
TO;Ponte Alta do Tocantins;413069.83;491754.6;130319.47;130140.34;276756;354972;3960.43;4546.97;2033.93;2095.29;76478.27;3068.58;79546.85;10007.15;80615.08;3566.29;84181.37;10574.22
PI;Porto Alegre do Piauí;23648.79;27635.56;12347.91;12819.34;10320;13803;-;-;980.89;1013.22;21965.53;732.86;22698.39;8520.42;21961.59;778.36;22739.95;8422.2
TO;Porto Alegre do Tocantins;74126.46;90923.62;20959.72;18047.22;50936;70886;662.55;433.75;1568.19;1556.65;27980.72;1046.72;29027.44;9357.65;29897.67;1193.16;31090.82;10003.48
MA;Porto Franco;594966.25;508377.12;184725.37;191109.58;389714;296314;12205.23;12430.12;8321.66;8523.42;410019.98;60744.87;470764.85;19813.34;461068.67;65473.5;526542.18;22240.43
TO;Porto Nacional;844688.9;835777.85;289859.67;282882.12;415367;397404;116306.14;131966.99;23156.1;23524.75;1597835.12;253803.61;1851638.73;35050.33;1445735.14;231730.01;1677465.15;31830.46
TO;Praia Norte;151866.01;140642.81;44638.24;47316.83;104411;90680;628.84;455.19;2187.93;2190.79;67388.58;1373.46;68762.04;8220.21;70603.32;1530.46;72133.79;8623.29
MA;Presidente Dutra;396755.42;302416.9;128777.87;134032.99;201628;105713;45964.51;41471.84;20385.05;21199.06;589474.87;62650.53;652125.4;18093.12;620197.19;68681.44;688878.62;19030.32
TO;Presidente Kennedy;325580.2;324323.7;199504.19;211812.97;102502;90510;18130.51;16456.28;5443.5;5544.45;47731.67;3683.88;51415.54;13773.25;45534.11;3777.41;49311.52;13356.32
MA;Presidente Vargas;30013.91;27073.81;8536.86;8807.88;18084;15020;966.15;778.47;2426.91;2467.45;56654.35;1622.93;58277.28;5079.07;68133.36;1776.45;69909.81;6284.59
MA;Primeira Cruz;15844.31;11739.98;9040.39;4384.03;4020;4560;-;-;2783.93;2795.95;73739.34;1924.97;75664.31;4975.62;72495.83;1985.8;74481.63;4901.07
TO;Pugmil;92067.97;87010.62;39125.73;33631.93;30560;31224;21168.58;20956.62;1213.66;1198.07;46136.66;4514.72;50651.37;19113.72;51236.96;5258.05;56495.01;21246.71
TO;Recursolândia;218904.72;239334.94;88090.66;74416.69;128146;162022;1223.26;1435.63;1444.81;1460.62;39890.78;1266.26;41157.03;9729.8;41873.75;1223.22;43096.96;10154.8
PI;Redenção do Gurguéia;81472.18;84722.49;30064.01;26181.29;44437;51186;4322.49;4554.67;2648.69;2800.54;63446.13;3967.08;67413.21;7807.88;69316.51;4446.32;73762.82;8422.34
MA;Riachão;952330.69;1140650.15;245264.36;266547;679522;843848;20500.53;22999.71;7043.8;7255.44;297191.81;12693.53;309885.34;15729.42;338789.37;14252.53;353041.9;17440.2
BA;Riachão das Neves;601298.11;682290.55;230394.34;252315.98;354570;415929;9385.02;7513.62;6948.76;6531.96;633401.59;31068.31;664469.9;28502.12;934023.23;44779.7;978802.93;43808.04
TO;Riachinho;522547.19;493374.29;188925.18;183023.17;325154;301952;5359.68;5208.65;3108.33;3190.47;43743.19;1448.51;45191.69;9822.15;45696.78;1342.3;47039.09;10217
PI;Riacho Frio;86876.22;111571.01;36032.59;31359.03;48934;78347;530.13;448.58;1379.49;1416.39;33714.39;1432.62;35147.01;8277.67;35290.45;2140.14;37430.58;8672.52
MA;Ribamar Fiquene;248992.17;218256.01;90490.91;120370.15;152692;92558;3222.25;2509.3;2587.02;2818.57;74805.67;2624.2;77429.87;10067.59;79457.22;3221.05;82678.28;10661.29
PI;Ribeiro Gonçalves;361058.35;356411.69;81794.87;74797.42;248191;249467;28720.01;29738.95;2352.47;2408.31;324151.98;22676.81;346828.78;48077.18;375711.47;23370.89;399082.36;54631.4
TO;Rio da Conceição;10086.21;9851.78;3272.93;2871.55;5945;6071;-;-;868.28;909.23;18650.32;383.67;19033.99;9235.32;20635.29;467.17;21102.46;10106.54
TO;Rio dos Bois;161953.54;199045.84;32947.5;44218.27;126852;152706;1159.14;1063.97;994.9;1057.6;42544.66;1824.52;44369.18;15789.74;49041.03;1387.23;50428.26;17939.62
TO;Rio Sono;437442.55;673350.5;105410.32;102493.28;328886;567728;1403.04;1372.94;1743.18;1756.27;58725.85;2913.38;61639.23;9465.48;63459.75;2255.81;65715.56;10160.11
MA;Sambaíba;335951.46;331875.99;69676.4;83175.69;259629;244121;5307.44;3231.93;1338.62;1347.37;207451.34;9100.17;216551.51;38892.15;244170.56;10199.47;254370.03;44917.89
TO;Sampaio;120497.4;92780.35;21448.22;23862.99;96722;66477;853.69;881.64;1473.49;1558.73;36528.87;799.44;37328.31;8152.07;38393.06;943.11;39336.17;8501.44
TO;Sandolândia;609928.39;548688.95;394492.4;333442.03;210586;210708;3349.34;3089.01;1500.65;1449.91;66869.17;2951.58;69820.76;20475.3;67494.62;3256.36;70750.98;20944.64
TO;Santa Fé do Araguaia;341527.74;314146.81;250174.76;237843.23;81602;66827;6612.53;6317.2;3138.45;3159.38;108532.45;6325.07;114857.52;15517.09;107752.7;5907.93;113660.62;15305.77
PI;Santa Filomena;450668.78;514892.12;92874.05;101732.28;333208;390218;19169.03;17457.45;5417.7;5484.38;198390.56;14779.96;213170.52;34628.09;296270.12;26190.32;322460.44;51577.17
MA;Santa Filomena do Maranhão;325989.04;193006.1;41536.66;41533.12;280893;147417;1771.58;2088.45;1787.79;1967.53;45614.34;1554.76;47169.1;6119.5;48234.79;1793.76;50028.55;6481.22
PI;Santa Luz;77815.16;74109.56;34713.8;28376.95;40555;43182;982.11;921.58;1564.25;1629.03;44022.59;1853.39;45875.98;7963.2;45306.61;2203.59;47510.2;8140.88
BA;Santa Maria da Vitória;209154.34;224197.53;150995.75;143248.63;16662;34782;25950.15;30410.5;15546.44;15756.39;403186.06;30465.99;433652.05;10382.15;429126.84;37082.07;466208.91;11678.58
TO;Santa Maria do Tocantins;291682.12;367573.26;61888.75;66182.22;227607;299365;1221.06;1068.49;965.3;957.54;38753.62;1462.53;40216.15;11983.36;51243.66;1637.37;52881.04;15640.65
MA;Santa Quitéria do Maranhão;167875.62;99325.78;25362.48;23697.89;127491;60559;9321.85;9055.73;5700.29;6013.16;154805.21;8094.61;162899.81;6430.09;175998.21;9181.53;185179.74;7256.54
BA;Santa Rita de Cássia;533993.61;620499.39;179436.94;185491.36;333401;414760;11600.76;10607.12;9554.91;9640.9;208534.18;8136.34;216670.52;7433.97;215557.92;9573.21;225131.13;7985.64
TO;Santa Rita do Tocantins;1001870.84;947315.69;240078.87;232941.61;731910;685478;28934.17;27977.24;947.79;918.84;79467.93;5992.9;85460.83;36474.96;84284.81;6903.47;91188.28;38902.85
TO;Santa Rosa do Tocantins;323677.82;367805.26;107568.52;100211.52;210118;260718;4494.11;5350.65;1497.19;1525.1;139178.16;7691.17;146869.33;30388.85;140579.58;8910.52;149490.09;31072.56
TO;Santa Tereza do Tocantins;97559.76;86474.99;42038.36;36258.58;54866;48040;-;1475.7;655.4;700.71;30781.93;1498.17;32280.11;11426.59;30543.43;1536.89;32080.33;11319.81
TO;Santa Terezinha do Tocantins;49369.48;68499.66;24345.25;22994.56;22947;44778;1344.8;-;732.44;727.09;29725;1007.84;30732.83;12052.09;27864.57;926.41;28790.98;11388.83
BA;Santana;358003.41;394699.95;160818.35;159486.84;49266;91768;92168.93;87219.23;55750.13;56225.87;220695.48;13352.12;234047.6;8513.3;233951.88;15790.35;249742.23;9418.19
MA;Santana do Maranhão;53994.91;77923.23;20580.8;22032.38;30007;52978;1237.93;744.38;2169.17;2168.48;56470.03;1632.49;58102.52;4337.63;63286.93;1545.64;64832.58;4903.02
MA;Santo Amaro do Maranhão;24070.84;21115.81;9280.23;5935.61;11122;11460;897.79;946.44;2770.83;2773.75;79160.21;1898.15;81058.36;5113.12;76908.49;2346.73;79255.22;5062.94
MA;Santo Antônio dos Lopes;3847910.95;3238329.58;45216.46;46121.43;289537;221223;3509514.71;2967252.35;3642.77;3732.81;1496115.23;117685.25;1613800.48;113472.12;1822397.75;91775.18;1914172.94;131703.11
MA;São Benedito do Rio Preto;20870.86;36722.53;6592.63;6329.09;9419;20997;730.61;4913.85;4128.62;4482.59;107556.33;3669.55;111225.87;6052.45;114063.05;4399.72;118462.77;6366.23
TO;São Bento do Tocantins;395620.32;434313.83;60556.77;62330.18;283883;315827;49630.73;54608.23;1549.83;1548.42;47352.78;2333.74;49686.52;9498.47;50765.87;2385;53150.87;10112.42
MA;São Bernardo;77625.91;81284.91;36485.23;39554.53;21314;21042;13558.45;14177.4;6268.23;6510.98;228014.94;20015.68;248030.63;8792.92;231209.18;23184.25;254393.43;8975.53
BA;São Desidério;1266893.34;1577369.6;420664.78;487069.25;727817;962868;109849;118862.1;8562.56;8570.26;2258256.84;97637.52;2355894.35;69988.84;3520253.25;125727.71;3645980.96;109841.86
MA;São Domingos do Azeitão;238600.06;250909.79;36319.88;40688.02;184345;174674;15946.26;33523.55;1988.91;2024.22;162771.15;10618.63;173389.77;23781.34;202574.79;15142.21;217717;29569.06
MA;São Domingos do Maranhão;730489.96;475454.77;117894.1;118658.24;573886;317573;29137.92;29365.76;9571.94;9857.76;253031.93;16049.88;269081.81;7986.76;271997.85;18940.15;290937.99;8465.37
MA;São Félix de Balsas;121807.19;160199.93;30237.15;34147.29;90271;124550;493;665.06;806.04;837.59;46571.81;1354.41;47926.22;10762.68;44962.35;1750.98;46713.32;10135.24
BA;São Félix do Coribe;142885.66;141313.75;109780.25;99040.17;5245;13559;20657.47;20950.02;7202.93;7764.57;157549.27;11310.89;168860.16;10670.47;200963.68;13366.87;214330.55;13999.38
TO;São Félix do Tocantins;13374.61;19721.3;7778.13;7654;4321;10629;539.91;692.19;735.57;746.11;18044.54;437.46;18482;11764.48;20850.78;646.3;21497.07;13674.98
MA;São Francisco do Brejão;263207.66;227192.55;150037.48;139624.76;91725;65125;16938.3;18005.45;4506.88;4437.34;90905.66;4707.15;95612.81;8097.29;96954.29;5584.4;102538.69;8800.09
MA;São Francisco do Maranhão;167776.88;165366.65;43377.81;40825.29;121724;121158;202.27;829.5;2472.8;2553.86;70215.22;1780.32;71995.54;6011.65;72801.41;1845.15;74646.56;6118.07
PI;São Gonçalo do Gurguéia;105915.38;73279.67;13638.8;14649.45;90837;56787;582.59;952.96;856.99;890.26;27370.36;1363.27;28733.63;9616.34;30732.21;1537.63;32269.84;10667.72
MA;São João do Paraíso;943759.85;785033.28;232467.27;233635.57;687943;527291;15939.13;16542.18;7410.45;7564.53;111824.74;5067.19;116891.93;10648.8;117988.69;5758.63;123747.32;11086.48
MA;São João do Soter;352791.3;523956.59;22912.35;20004.62;326069;497674;540.14;2873.87;3269.81;3404.11;91980.81;2727.36;94708.17;5162.61;98580.01;3503.5;102083.51;5536.58
MA;São João dos Patos;211694.11;272842.78;52576.68;49132.54;136889;202950;13046.58;11526.93;9181.85;9233.31;244549.98;18672.26;263222.24;10314.35;247386.78;19614.1;267000.88;10324.86
MA;São José dos Basílios;164718.54;144384.83;30747.67;31864.94;130893;109810;1485.7;1077.74;1592.17;1632.15;50580.58;1654.52;52235.1;6979.57;48792.13;1731.29;50523.42;6611.28
MA;São Luís Gonzaga do Maranhão;316344.51;342459.02;131694.72;132276.96;178752;203907;1691.12;1936.45;4206.67;4338.61;122457.54;4416.2;126873.75;6953.13;133495.1;4701.34;138196.44;7278.09
MA;São Mateus do Maranhão;336680.36;307875.48;77743.74;79197.99;231545;203612;14193.04;12189.48;13198.59;12876.01;353556.96;16592.95;370149.91;9029.81;327851.02;16734.78;344585.8;8333.39
TO;São Miguel do Tocantins;129348.44;136872.69;36273.07;38413.39;87320;93894;2673.81;1379.37;3081.56;3185.93;98925.51;3539.11;102464.62;8606.13;102503.15;3243.2;105746.34;8836.5
MA;São Pedro da Água Branca;243381.44;157509.42;58605.05;54519.7;175897;95875;4744.49;3122.53;4134.9;3992.18;84807.45;10319.63;95127.09;7603.48;89656.66;7751.67;97408.33;7703.31
MA;São Pedro dos Crentes;210800.41;233286.67;110702.05;109509.63;95985;119561;2649.8;2736.07;1463.55;1479.97;49608.72;2171.3;51780.01;11254.08;50822.67;2786.38;53609.05;11526.35
MA;São Raimundo das Mangabeiras;505546.85;493527.2;176121.75;199709.03;186617;225191;137127.09;63023.78;5681.01;5603.39;363898.12;21901.21;385799.32;20653.07;393857.39;23476.11;417333.5;22251.85
MA;São Raimundo do Doca Bezerra;143606.64;96507.46;19051.28;19368.06;122190;74979;821.49;573.94;1543.87;1586.47;34457.61;1014.53;35472.14;7171.88;37302.08;1153.38;38455.46;7194.66
MA;São Roberto;66683.75;60096.08;16436.26;16631.57;47326;40732;1078.51;865.41;1842.98;1867.1;42108.11;1037.04;43145.15;6435.73;40056.35;1020.73;41077.09;6177.93
TO;São Salvador do Tocantins;235565.93;146404.71;53831.84;52836.21;179966;91834;830.41;819.75;937.68;914.76;32789.24;1136.75;33925.99;11000.65;35374.51;1273.32;36647.83;11937.4
TO;São Sebastião do Tocantins;116153.93;87343;50959.3;54384.29;63279;31130;412.99;291.67;1502.65;1537.03;43097.83;1166.52;44264.34;9320.77;45186.08;1128.49;46314.56;9736.09
TO;São Valério;363761.54;357613.24;114860.91;119342.72;237457;227282;9785.39;9324.14;1658.25;1664.38;132071.01;5015.53;137086.53;33346.27;86500.31;5099.52;91599.82;22803.04
MA;Satubinha;163078.54;91087.3;39667.39;40884.91;119370;46020;1602.75;1748.31;2438.4;2434.08;64505.08;1837.19;66342.27;4756.06;69440.74;1956.72;71397.46;5200.11
PI;Sebastião Barros;118945.54;110884.28;47041.38;34532.3;70170;74809;916.33;692.42;817.84;850.56;33978.06;1101.77;35079.83;10254.26;36915.54;1368.09;38283.63;10975.81
PI;Sebastião Leal;427804.53;320666.55;36868.1;36366.96;387543;280266;2350.66;2962.03;1042.77;1071.56;115135.76;8172.88;123308.63;29192.38;140289.21;8661.75;148950.96;34752.91
MA;Senador Alexandre Costa;198894;217462.3;29628.8;32250.75;158619;175134;8242.48;7568.09;2403.72;2509.45;71095.37;3103.24;74198.61;6719.67;77191.95;4043.38;81235.33;7340.32
MA;Senador La Rocque;398729.38;272670.16;219250.89;177775.02;166355;82657;7180.19;6569.36;5943.3;5668.78;144321.84;5915.31;150237.16;10826.34;138405.74;6997.44;145403.17;10120.64
BA;Serra do Ramalho;183457.29;188159.53;141538.98;156965.76;19060;12562;15411.56;11772.33;7446.76;6859.45;286101.38;13808.17;299909.56;9090.65;265416.23;15974.4;281390.64;8923.97
BA;Serra Dourada;157520.84;172041.12;141521.18;153980.59;5528;8646;5002.21;4191.11;5469.45;5223.42;134854.19;5630.81;140485;7668.39;137520.36;6141.05;143661.41;8231.8
TO;Silvanópolis;214109.6;192875.55;99579.58;89774.4;100826;87536;11991.59;13739.03;1712.44;1826.12;140714.57;7590.88;148305.45;27469.06;144622.02;11099.53;155721.55;28955.29
BA;Sítio do Mato;85834.09;88304.51;72378.03;79360.18;7625;3925;1335.68;413.38;4495.39;4605.95;86835.32;3374.92;90210.24;6713.57;91201.66;3514.82;94716.47;7305.55
MA;Sítio Novo;735887.22;870424.32;263792.39;279966.63;459869;576678;6257.81;7842.28;5968.02;5937.4;137651;5082.86;142733.87;7995.85;146402.41;6189.3;152591.71;8476.85
TO;Sítio Novo do Tocantins;123767.85;121287.11;71224.11;76075.21;43358;36830;6814.97;5966.02;2370.77;2415.88;85724.28;3871.67;89595.95;9747.17;97832.8;4313.81;102146.61;11252.11
TO;Sucupira;172567.5;177974.99;119847.47;117708.87;51774;59221;21.05;139.48;924.98;905.64;57511.73;1350.02;58861.74;30325.47;62843.92;1346;64189.92;32985.57
MA;Sucupira do Norte;196851.85;275410.43;34449.48;34257.19;155935;234966;4262.62;3641.67;2204.75;2545.57;71667.48;2650.54;74318.02;7134.99;74902.43;2822.33;77724.76;7305.65
MA;Sucupira do Riachão;71476.69;63379.18;18221.57;17121.52;50977;44132;1417.78;1248.5;860.34;877.16;40860.84;1451.41;42312.25;7595.09;39420.82;1553.29;40974.11;7258.48
BA;Tabocas do Brejo Velho;202916.62;300116.54;61828.5;60143.34;127673;226787;10124.84;10003.59;3290.29;3182.6;114192.17;21130.06;135322.22;10363.96;132615.92;18580.71;151196.62;12079.3
TO;Taguatinga;463741.87;395144.31;215971.22;209147.46;229944;168056;12981.42;12852.6;4845.23;5088.25;217196.57;13237.85;230434.42;13940.38;228319.11;13937.26;242256.36;14648.47
TO;Taipas do Tocantins;83299.81;75111.24;33348.88;31307.14;48876;42517;214.84;398.57;860.09;888.53;21393.45;603.8;21997.25;10327.35;22460.06;723.07;23183.13;10878.99
TO;Talismã;370784.83;363939.07;207315.21;200425.42;144832;143902;11204.65;12270.96;7432.97;7340.7;79409.77;3986.68;83396.45;30031.13;78387.71;3920.85;82308.56;29682.14
MA;Tasso Fragoso;308429.8;439051.33;143015.31;168598.92;105287;251155;57570.15;16697.28;2557.34;2600.13;958993.18;25294.36;984287.54;116414.85;1147514.12;17180.84;1164694.95;137687.07
MA;Timbiras;331437.81;266650.65;21374.89;19650.78;299481;235977;3485.01;3617.08;7096.91;7405.79;144552.77;5752.41;150305.18;5249;161136.18;6761.25;167897.43;5776.82
MA;Timon;263984.07;297834.46;49240.55;49972.79;109977;131771;51952.17;60707.27;52814.35;55383.4;1600250.32;195907.09;1796157.42;10715.71;1670821.27;197152.86;1867974.13;11120.68
TO;Tocantínia;138436.73;150840.76;37108.05;35434.28;97538;111784;1830.96;1689.15;1959.73;1933.33;65374.87;2456.49;67831.36;9092.68;69341.47;2553.99;71895.46;9623.27
TO;Tocantinópolis;155414.59;225093.92;39650.16;42855.2;92083;158832;14267.19;14176.95;9414.23;9229.78;276748.16;23382.6;300130.76;12982;270435.26;25233.51;295668.77;12913.56
MA;Trizidela do Vale;96948.86;112063.63;33652.79;33142.1;45134;59551;10738.67;11810.32;7423.4;7560.21;176660.59;15703.28;192363.87;8844.72;267163.11;14594.54;281757.65;12874.46
MA;Tuntum;1200035;892360.37;231284.35;247827.99;948485;624036;9436.72;9499.17;10828.93;10997.21;264709.2;11774.29;276483.49;6687.71;300130.92;13199.66;313330.58;7528.18
TO;Tupirama;141308.28;199926.2;62822.69;50809.79;77124;147866;815.46;694.18;546.13;556.22;44623.02;1519.22;46142.24;25036.48;47932.78;1228.85;49161.63;26430.98
TO;Tupiratins;151656.7;183347.85;40952.05;39238.27;109797;143188;-;-;907.65;921.58;27725.18;856.63;28581.81;11104.04;28736.1;1029.61;29765.71;11391.39
MA;Tutóia;74588.31;82827.39;23300.78;25291.54;20701;25102;18634.76;20340.35;11951.76;12093.5;371889.37;22527.4;394416.77;6730.09;382897.3;26058.22;408955.52;7013.35
MA;Urbano Santos;63410.66;61787.54;6216.97;7088.74;37985;38858;11502.8;7670.38;7705.89;8170.42;172642.98;9077.86;181720.83;5500.36;182092.01;8950.61;191042.62;5828.91
PI;Uruçuí;1647990.29;1514413.57;164884.58;198598.6;1320424;1127281;153739.33;178834.88;8942.38;9699.09;1093497.52;168088.68;1261586.21;59542.49;1469580.41;233772.39;1703352.8;79384.48
MA;Vargem Grande;262257.2;260570.2;70775.82;71242.44;165446;164235;13502.92;12589.46;12532.46;12503.3;292736.14;15047.22;307783.36;5446.43;309323.11;16382.37;325705.49;5832.73
MA;Vila Nova dos Martírios;559546.68;479781.94;136785.94;148923.28;414633;322760;3954.09;4062.88;4173.65;4035.78;101454.34;6760.86;108215.21;8027.83;104426.01;6146.4;110572.42;8387.5
TO;Wanderlândia;281066.29;245006.55;64098.77;60698.89;165429;149267;47812.01;31436.07;3726.52;3604.59;146655.16;15241.58;161896.74;13864.58;127774.61;12838.49;140613.09;12089.51
BA;Wanderley;193170.07;201133.73;160571.58;169750.44;21840;20806;7001.62;6755.25;3756.86;3822.04;117623.98;4663.13;122287.11;9453.97;122248.1;5315.28;127563.38;10371.85
TO;Xambioá;317776.4;419110.41;187904.02;179673.62;112198;221741;13655.12;13567.41;4019.26;4128.38;321349.62;20142.93;341492.55;29229.87;265437.59;25516.81;290954.4;25166.89
