States,Municipalities,emi_2018,emi_agri_2018,emi_luc_2018,emi_energy_2018,emi_waste_2018,pib_2018,population,Agriculture,LUC,Energy,Waste,group,group_name
TO,Abreulândia,415469.12,127828.13,286357,530.51,753.48,52402.19,2564,0.30767179519864196,0.6892377464780054,0.0012768939361847158,0.001813564387167932,1,G1
MA,Açailândia,2012738.15,701929.89,1033654,221796.36,55357.9,2602790.66,111757,0.34874376977452337,0.513556122538841,0.1101963313012177,0.027503776385418045,1,G1
MA,Afonso Cunha,77780.73999999999,7322.15,59017,10089.06,1352.53,50235.77,6468,0.0941383432453844,0.7587611020414566,0.12971154555742206,0.017389009155737014,5,G5
MA,Água Doce do Maranhão,28598.7,6986.73,15176,3941.72,2494.25,86186.06,12488,0.24430236339414027,0.530653491242609,0.1378286425606758,0.08721550280257494,1,G1
TO,Aguiarnópolis,116760.47,20766.03,31678,62457.73,1858.71,124903.42,6571,0.1778515451333829,0.27130757524357346,0.5349218789544099,0.015919000668633828,3,G3
MA,Aldeias Altas,106818.73,47702.45,49673,3783.43,5659.85,181358.03,26301,0.446573835880655,0.46502144333676315,0.035419162912721396,0.05298555786986047,2,G2
TO,Aliança do Tocantins,277772.18,151950.37,120962,2676.74,2183.07,103534.84,5434,0.547032355796034,0.43547197563125295,0.009636458193905522,0.007859210378807555,2,G2
TO,Almas,383090.52,126189.01,250038,4211.05,2652.46,151995.04,7130,0.3293973706266602,0.6526864721163029,0.010992310642403785,0.006923846614633011,1,G1
MA,Alto Alegre do Maranhão,274772.3,32946.78,127225,106507.39,8093.13,268927.23,26838,0.11990575469215783,0.4630197439843827,0.387620549815247,0.029453951508212436,6,G6
MA,Alto Parnaíba,270561.31,126584.2,114376,26486.13,3114.98,349151.41,11167,0.46785772880830595,0.422735978030266,0.09789326493133849,0.011513028230089513,2,G2
TO,Alvorada,430641.63,139091.98,61904,158337.23,71308.42,271677.19,8426,0.3229877705970972,0.1437482948408866,0.36767748162201597,0.16558645294000024,6,G6
PI,Alvorada do Gurguéia,307633.5,20264.57,279419,6717.48,1232.45,70754.59,5392,0.06587244237054807,0.9082853460367613,0.021835983402327768,0.004006228190362883,5,G5
MA,Amarante do Maranhão,1508035.9100000001,525488.77,961908,11136.84,9502.3,314235.32,41135,0.34845905625682344,0.6378548372896504,0.00738499655488973,0.006301109898636298,1,G1
TO,Ananás,476973.3,174487.18,286151,9529.37,6805.75,131056.67,9606,0.36582169274464627,0.599930855668441,0.01997883319674288,0.014268618390169848,1,G1
MA,Anapurus,123113.06999999999,10303.4,105561,3612.08,3636.59,131751.24,15565,0.08369054560982031,0.8574313027853177,0.02933953316248226,0.02953861844237984,5,G5
BA,Angical,205522.54,177527.91,20907,2672.32,4415.31,134673.55,14017,0.8637880302569246,0.10172606858595655,0.013002564098322258,0.02148333705879657,4,G4
TO,Angico,186184.81508698192,29683.63,140584,15103.845086981908,813.34,36054.98,3416,0.15943099326404458,0.7550776895222195,0.08112286214064066,0.004368455073095104,5,G5
PI,Antônio Almeida,47394.6,10233.8,26943,8966.46,1251.34,136648.84,3158,0.2159275529279707,0.5684824853464319,0.18918737577698724,0.02640258594861018,1,G1
TO,Aparecida do Rio Negro,278567.93,72021.08,199135,5800.94,1610.91,102279.76,4740,0.25854045725938374,0.7148525675586562,0.020824148709436868,0.005782826472523237,1,G1
TO,Aragominas,801458.31,180343.76,618799,251.54,2064.01,64347.88,5785,0.2250195147393256,0.7720913143941324,0.0003138528815054647,0.0025753179850365516,5,G5
TO,Araguacema,502404.25,137355.94,358411,4677.16,1960.15,126453.09,7016,0.27339724932661297,0.713391656221061,0.009309555004759613,0.003901539447566377,1,G1
TO,Araguaçu,1057182.95,715075.53,328580,5977.17,7550.25,192400.61,8567,0.676397145829868,0.3108071313484577,0.005653865303067932,0.007141857518606406,4,G4
TO,Araguaína,1314710.54,476287.96,410313,357827.03,70282.55,4387503.32,177517,0.3622759120802363,0.3120937936650299,0.2721717207804541,0.05345857347427974,6,G6
TO,Araguanã,639276.5499999999,191305.09,436788,6066.77,5116.69,147237.72,8677,0.29925247531760707,0.6832535934565409,0.009490055594875178,0.008003875630976922,1,G1
TO,Araguatins,1301835.0899999999,310540.61,956862,21222.45,13210.03,426291.95,35346,0.23854066646797792,0.7350101463312071,0.016301949581033343,0.010147237619781781,5,G5
MA,Araioses,88626.77,30219.15,32563,15327.33,10517.29,269874.17,46103,0.3409709052919338,0.36741720362820396,0.1729424416573006,0.11866944942256161,6,G6
MA,Arame,1039423.7400000001,283348.57,728941,17848.67,9285.5,233586.51,32636,0.27260159557256214,0.701293391663346,0.017171697463827407,0.008933315300264356,1,G1
TO,Arapoema,600125.9600000001,287281.12,305093,4300.78,3451.06,288624.46,6670,0.47870137129212,0.5083816070879519,0.007166462187371463,0.005750559432556457,2,G2
TO,Arraias,655074.0,385641.26,243057,22617.7,3758.04,185519.91,10600,0.5886987729630546,0.37103747057584335,0.034526938941249384,0.005736817519852719,2,G2
TO,Augustinópolis,256552.03999999998,121215.93,115868,12897.65,6570.46,253786.07,18177,0.47248086587033183,0.4516354654595614,0.050273036222982286,0.02561063244712457,2,G2
TO,Aurora do Tocantins,124787.38,92731.47,28596,1492.86,1967.05,42070.71,3730,0.7431157702004801,0.2291577882314702,0.011963228973955539,0.01576321259409405,4,G4
PI,Avelino Lopes,42592.28999999999,31072.2,2281,4581.86,4657.23,79068.61,11252,0.7295264002005998,0.053554293511806954,0.10757486859710995,0.10934443769048342,4,G4
TO,Axixá do Tocantins,92525.38,67784.99,14514,6586.71,3639.68,120576.53,9724,0.7326096904438545,0.15686506772520145,0.07118814318838787,0.03933709864255623,4,G4
TO,Babaçulândia,231493.59000000003,109224.02,117782,1809.53,2678.04,105415.16,10661,0.4718230859005642,0.5087916257206084,0.007816760714627129,0.011568527664200117,2,G2
MA,Bacabal,494153.25,205134.49,185761,65408.71,37849.05,1138527.68,104633,0.41512322341297964,0.3759177947327069,0.13236523285033538,0.07659374900397803,2,G2
BA,Baianópolis,840949.87,78770.39,752883,6033.23,3263.25,171337.97,13823,0.09366835385800107,0.8952769087175196,0.007174303980806846,0.003880433443672451,5,G5
PI,Baixa Grande do Ribeiro,1089394.29,187763.52,734734,163499.93,3396.84,953257.51,11496,0.1723558877842108,0.6744426758469607,0.15008333667693446,0.003118099691893924,5,G5
MA,Balsas,1737261.4700000002,327591.79,1135186,238507.6,35976.08,3457728.27,93825,0.18856792466593986,0.6534341661304442,0.13728940871520046,0.02070850048841525,1,G1
TO,Bandeirantes do Tocantins,324260.36,292527.36,28704,1441.43,1587.57,120313.0,3511,0.9021372825219832,0.08852145849711633,0.0044452858807656915,0.004895973100134719,4,G4
MA,Barão de Grajaú,150298.63,32982.24,85740,26528.58,5047.81,207520.16,18714,0.21944471483206465,0.5704642816770852,0.17650580048534042,0.03358520300550977,1,G1
MA,Barra do Corda,1595140.78,272482.87,1228381,67637.99,26638.92,723386.24,87793,0.17082057798058425,0.7700768580438399,0.04240252073550524,0.016700043240070635,5,G5
TO,Barra do Ouro,235631.49999999997,62754.42,170111,1582.27,1183.81,56131.44,4549,0.2663244090879191,0.7219365831817903,0.006715019002128324,0.005023988728162406,1,G1
BA,Barreiras,1331598.42,301425.94,609964,347780.28,72428.2,4744485.92,153830,0.22636399643670352,0.45806903255412396,0.26117504705360045,0.05439192395557213,6,G6
PI,Barreiras do Piauí,39013.42,11320.6,26691,195.9,805.92,27411.94,3344,0.29017194596115903,0.6841491978913923,0.0050213490639887505,0.020657507083459998,1,G1
MA,Barreirinhas,103401.37,22039.56,39699,25898.82,15763.99,485468.72,61828,0.21314572524522646,0.38393108331156545,0.25046882841107426,0.15245436303213392,6,G6
TO,Barrolândia,220730.13,118553.26,69445,30379.41,2352.46,93732.05,5613,0.5370959551376153,0.31461495537559825,0.13763145973773494,0.010657629749051477,2,G2
MA,Belágua,9483.640000000001,2728.46,4359,474.29,1921.89,46498.85,7408,0.2877017685192605,0.45963364277851115,0.05001138803244323,0.202653200669785,1,G1
MA,Benedito Leite,170356.43,27541.9,141075,246.69,1492.84,42865.15,5627,0.16167220691346962,0.8281166727901025,0.0014480815311755477,0.008763038765252359,5,G5
MA,Bernardo do Mearim,101392.56000000001,51403.29,46968,967.35,2053.92,49436.9,6011,0.5069729968352708,0.46322925469087667,0.009540640851754802,0.020257107622097714,2,G2
TO,Bernardo Sayão,252417.07,194507.68,53825,2169.45,1914.94,74747.08,4469,0.7705805316573875,0.21323835190702434,0.008594703995256739,0.007586412440331393,4,G4
PI,Bertolínia,51036.26,21180.66,26209,2274.04,1372.56,58725.66,5494,0.4150119934336881,0.5135368461560467,0.04455734021262529,0.026893820197639872,2,G2
PI,Bom Jesus,1192038.0300000003,387426.1,683016,105021.1,16574.83,908344.9,24960,0.3250115266876174,0.5729817193835669,0.08810213882186291,0.013904615106952584,1,G1
BA,Bom Jesus da Lapa,204785.15999999997,116684.55,18317,46790.87,22992.74,1010113.45,68609,0.569790066819295,0.08944495782799887,0.22848760134767582,0.11227737400503046,4,G4
TO,Bom Jesus do Tocantins,1784560.8299999998,555751.92,1212901,6154.48,9753.43,74015.73,4779,0.31142223378286304,0.6796635786295949,0.003448736460275215,0.005465451127266982,1,G1
MA,Bom Lugar,117501.51999999999,90615.56,21608,2189.67,3088.29,89850.92,16148,0.7711862791221765,0.18389549343702108,0.018635248292958255,0.026282979147844217,4,G4
TO,Brasilândia do Tocantins,224120.12,75336.9,133027,14748.01,1008.21,41055.33,2190,0.3361451885712001,0.5935522433238033,0.06580404293911676,0.0044985251658797975,1,G1
TO,Brejinho de Nazaré,260915.4,128412.18,127207,3077.57,2218.65,193607.86,5474,0.49216021744979405,0.48754117234935157,0.011795279236104884,0.008503330964749494,2,G2
MA,Brejo,143899.78,38621.81,82800,14776.24,7701.73,292085.64,36139,0.26839380852423816,0.5754004627387199,0.10268424315867612,0.05352148557836572,1,G1
BA,Brejolândia,332931.00999999995,144611.09,182412,2918.73,2989.19,84905.18,10493,0.4343575265037643,0.547897295598869,0.00876677122987132,0.008978406667495468,2,G2
MA,Buriti,212114.89,28639.19,169654,7956.63,5865.07,202493.04,28556,0.1350173483813418,0.7998212666729808,0.0375109451297832,0.027650439815894108,5,G5
MA,Buriti Bravo,323642.59,58600.0,254925,5334.88,4782.71,169439.01,23826,0.1810639322840668,0.7876744528586302,0.0164838626461369,0.014777752211166026,5,G5
TO,Buriti do Tocantins,141881.56,64319.75,67613,5695.36,4253.45,97767.48,11196,0.453334104868878,0.47654536643098655,0.040141650542889436,0.029978878157246085,2,G2
MA,Buritirana,387137.13,131840.69,249835,1779.4,3682.04,99444.77,15392,0.34055294567069816,0.6453398050453079,0.004596304157134192,0.009510945126859828,1,G1
TO,Cachoeirinha,281357.22,43839.96,40509,152112.38,44895.88,27213.28,2266,0.15581601211442167,0.14397711208548336,0.5406379121886405,0.1595689636114545,3,G3
MA,Campestre do Maranhão,252389.99000000002,142072.76,62015,43314.56,4987.67,165388.08,14294,0.5629096462977791,0.24571101254847705,0.17161758277338968,0.01976175838035415,2,G2
TO,Campos Lindos,490215.51000000007,173232.04,297783,16903.34,2297.13,306489.51,9916,0.35337935350107547,0.6074532403105727,0.03448144674165858,0.004685959446693149,1,G1
BA,Canápolis,246428.94,174123.76,50026,14192.1,8087.08,65720.12,9719,0.7065881142044437,0.203003754348008,0.057591044298612004,0.03281708714893632,4,G4
MA,Cantanhede,224529.94,24190.13,191871,2461.31,6007.5,124459.36,21872,0.10773676775578349,0.8545452780150389,0.010962056997832894,0.026755897231344736,5,G5
MA,Capinzal do Norte,184389.55000000002,66856.16,112723,2198.97,2611.42,143909.92,10931,0.36258106817875524,0.6113307397300985,0.011925675831412352,0.014162516259733807,1,G1
BA,Carinhanha,155291.84999999998,116535.87,17381,13094.3,8280.68,214413.88,28964,0.7504313330029877,0.11192474041619056,0.08432058733281883,0.053323339248003046,4,G4
TO,Cariri do Tocantins,358240.36,138320.61,75542,142885.54,1492.21,348872.68,4321,0.38611118523887145,0.2108695960443988,0.39885383098654775,0.004165387730182049,6,G6
TO,Carmolândia,89694.89,66983.94,19008,2867.25,835.7,36914.93,2556,0.7467977272729807,0.2119184270140696,0.0319667040117893,0.009317141701160457,4,G4
MA,Carolina,1278968.15,227404.08,1029854,11994.68,9715.39,322915.87,24336,0.17780277014716903,0.805222553822001,0.009378403989184563,0.007596272041645447,5,G5
TO,Carrasco Bonito,123857.09000000001,42946.41,78927,394.66,1589.02,39834.81,4058,0.34674163586436596,0.6372424864817993,0.003186414277939196,0.012829463375895557,1,G1
TO,Caseara,355851.98,128368.07,188116,38045.84,1322.07,158693.79,5294,0.3607344548146114,0.5286355298627256,0.10691479080712155,0.003715224515541546,1,G1
BA,Catolândia,133495.25,24715.36,51341,55402.83,2036.06,85279.58,3555,0.18514037016298332,0.38459046295654714,0.41501723844106814,0.015251928439401402,6,G6
MA,Caxias,658919.6599999999,97250.44,354636,147450.3,59582.92,1814096.14,164224,0.14759073966619848,0.5382082544023653,0.22377583937926515,0.09042516655217119,1,G1
TO,Centenário,334172.05,70776.04,258150,3230.62,2015.39,34299.96,2874,0.211795211478638,0.7725062583779823,0.009667535031729914,0.006030995111649823,5,G5
TO,Chapada da Natividade,234329.05000000002,80015.0,149617,3419.48,1277.57,64179.91,3334,0.341464278543356,0.6384910449643354,0.014592642269492407,0.005452034222816163,1,G1
TO,Chapada de Areia,128757.75649242655,59749.72,54760,13711.496492426555,536.54,23914.86,1401,0.46404753878663957,0.4252947666358333,0.10649064464891525,0.0041670499286119425,2,G2
MA,Chapadinha,293196.81,39628.24,197060,36729.65,19778.92,712070.94,79145,0.13515917857360044,0.6721082674808092,0.12527302053525072,0.06745953341033963,5,G5
MA,Cidelândia,530254.51,199487.35,281636,44956.66,4174.5,130419.32,14617,0.3762105672613704,0.5311336248700648,0.08478317327277424,0.007872634595790613,1,G1
BA,Cocos,543893.1299999999,109487.59,419028,9936.82,5440.72,317898.98,18746,0.20130349872225822,0.7704234102019272,0.018269802378272366,0.010003288697542478,5,G5
MA,Codó,1616341.21,212846.61,1317333,47292.27,38869.33,963180.19,122597,0.13168420670286565,0.8150092269193582,0.02925884071222808,0.024047725665548057,5,G5
MA,Coelho Neto,174159.02,52263.36,95923,12575.18,13397.48,367499.57,49245,0.30008988337210446,0.5507782485225284,0.07220516054810139,0.07692670755726577,1,G1
MA,Colinas,518819.5,178470.33,299247,28274.83,12827.34,383544.51,41042,0.3439931035745572,0.576784411534262,0.05449839491383805,0.024724089977342795,1,G1
TO,Colinas do Tocantins,427936.23,219929.37,49463,141272.09,17271.77,726144.22,34989,0.5139302414287288,0.1155849786310451,0.33012416359325314,0.04036061634697301,6,G6
TO,Colméia,295839.69999999995,199258.58,85239,7010.15,4331.97,144705.8,8269,0.6735356343317006,0.2881256301977051,0.02369577173043375,0.014642963740160638,4,G4
PI,Colônia do Gurguéia,22328.78,12786.24,2418,5137.95,1986.59,59583.97,6451,0.5726349581123554,0.1082907350961405,0.2301043765042246,0.08896993028727947,4,G4
TO,Combinado,68547.84,50155.31,11045,4733.39,2614.14,67451.44,4842,0.7316833032229754,0.16112834481728383,0.06905235817787987,0.03813599378186096,4,G4
TO,Conceição do Tocantins,191363.27,66524.61,119807,3684.9,1346.76,52034.61,4123,0.3476352071115842,0.6260710323355156,0.019256046366682593,0.007037714186217658,1,G1
BA,Coribe,178601.19,124732.26,44990,4921.07,3957.86,125813.87,14240,0.6983842604856104,0.25190201700223835,0.027553399840169038,0.0221603226719822,4,G4
MA,Coroatá,692803.78,83159.03,573976,14851.15,20817.6,457343.66,65043,0.12003258700464942,0.8284827776199488,0.021436300477459865,0.030048334897941807,5,G5
PI,Corrente,434249.60000000003,74340.25,330868,19786.7,9254.65,453884.35,26575,0.17119244324001678,0.7619304657966294,0.04556526937503224,0.021311821588321553,5,G5
BA,Correntina,1991731.83,371215.01,1366565,244717.75,9234.07,1944161.68,32081,0.18637800752523997,0.6861189741592872,0.12286681686459767,0.004636201450875041,5,G5
BA,Cotegipe,407772.0,171359.03,227414,4548.73,4450.24,126742.61,13795,0.4202324583345595,0.557698910175294,0.011155081761376454,0.010913549728769999,1,G1
TO,Couto Magalhães,276998.63,122803.45,122646,29634.56,1914.62,116360.32,5536,0.4433359471850095,0.4427675328213717,0.10698450024825033,0.006912019745368416,2,G2
TO,Cristalândia,449264.46,161304.89,274447,10263.94,3248.63,109929.26,7300,0.35904217751833745,0.6108807271334127,0.022846098264705825,0.007230997083544067,1,G1
PI,Cristalândia do Piauí,148094.06999999998,40893.75,103601,1376.77,2222.55,56682.87,8264,0.27613360886090854,0.699562109407892,0.009296591011375406,0.015007690719824234,1,G1
PI,Cristino Castro,104785.98,11054.51,80549,9757.42,3425.05,101930.95,10401,0.10549607876931628,0.7687001638959716,0.09311760981764927,0.03268614751706288,5,G5
BA,Cristópolis,152578.86,52720.92,76432,19223.87,4202.07,111539.58,13871,0.34553227098432904,0.5009344020528139,0.12599301108947858,0.02754031587337853,1,G1
TO,Crixás do Tocantins,203651.11000000002,89570.27,107892,5487.69,701.15,43539.38,1708,0.439822154664416,0.5297884209911745,0.026946526341054558,0.003442898003354855,2,G2
PI,Curimatá,64569.26,48405.66,7145,5559.43,3459.17,102026.77,11347,0.7496703539733923,0.1106563711586597,0.0861002588538261,0.05357301601412189,4,G4
PI,Currais,337381.02,78000.62,254880,2671.77,1828.63,272393.29,4938,0.23119445189892424,0.7554663270625004,0.007919147318957065,0.005420073719618252,5,G5
TO,Darcinópolis,413848.31999999995,64347.29,310464,36711.53,2325.5,186127.77,6017,0.15548520288786,0.750187894927301,0.08870769367868886,0.005619208506150273,5,G5
MA,Davinópolis,211456.12,131161.06,73944,1858.94,4492.12,485713.11,12901,0.620275544637819,0.3496895715290719,0.008791138322220232,0.02124374551088897,2,G2
TO,Dianópolis,412835.43,99296.25,257783,46207.73,9548.45,347680.69,21849,0.24052259758809946,0.6244207286181809,0.11192772383901256,0.023128949954707136,1,G1
TO,Divinópolis do Tocantins,423349.54,221694.51,186140,12909.8,2605.23,123060.56,6856,0.5236677710810789,0.4396839547764715,0.030494423119014135,0.0061538510234356225,2,G2
TO,Dois Irmãos do Tocantins,807614.67,300531.55,501485,3791.03,1807.09,102496.58,7211,0.37212245042552283,0.6209458775680734,0.004694107401491357,0.0022375646049123893,1,G1
MA,Dom Pedro,185136.81,43035.27,106218,28004.1,7879.44,229838.91,23328,0.23245118029202294,0.5737270724282222,0.1512616534766911,0.042560093803063796,1,G1
TO,Dueré,852479.09,339996.85,502927,7750.67,1804.57,115318.0,4686,0.3988330669788041,0.5899581654255004,0.00909191801994815,0.0021168495757473652,1,G1
MA,Duque Bacelar,57245.47,10914.27,41670,1858.1,2803.1,77042.93,11296,0.19065735681792814,0.7279178597013877,0.03245846352558551,0.048966319955098626,5,G5
PI,Eliseu Martins,28239.0,13814.56,6421,5879.56,2123.88,44728.9,4899,0.48920145897517614,0.22738057296646483,0.20820708948617161,0.0752108785721874,6,G6
TO,Esperantina,204157.61999999997,91627.86,75138,24733.21,12658.55,464396.13,26261,0.44880940520368534,0.36803916503336986,0.1211476211370411,0.06200380862590386,2,G2
MA,Esperantinópolis,153393.02000000002,44927.29,96017,7170.88,5277.85,140506.4,17378,0.29289005458005846,0.6259541666237485,0.04674841136839212,0.03440736742780082,1,G1
MA,Estreito,923233.48,243324.75,613612,51279.88,15016.85,983067.57,41355,0.2635571123352242,0.6646336092577578,0.055543782922603716,0.016265495484414194,1,G1
TO,Fátima,124012.49,76924.06,20414,20869.83,5804.6,237730.4,8737,0.6202928430837893,0.16461245153613155,0.16828812968758228,0.04680657569249678,4,G4
BA,Feira da Mata,62070.42,51301.35,6722,2004.93,2042.14,45470.67,5667,0.8265023822941749,0.10829635114439375,0.03230089308240544,0.03290037347902592,4,G4
MA,Feira Nova do Maranhão,379747.65,130758.26,243651,3468.2,1870.19,75697.17,8481,0.3443293460802193,0.6416129237402786,0.009132907076580987,0.004924823102921111,1,G1
MA,Fernando Falcão,253645.98,44443.39,205226,2357.75,1618.84,70279.49,10257,0.1752181919066882,0.809104090669996,0.009295436103501423,0.006382281319814333,5,G5
TO,Figueirópolis,340275.79,208294.61,98654,31221.38,2105.8,170308.24,5284,0.6121346746414137,0.2899236528111506,0.09175316292704809,0.0061885096203876284,2,G2
TO,Filadélfia,431182.33999999997,230573.21,183961,8140.88,8507.25,221400.93,11773,0.5347464137793769,0.4266431691056735,0.018880365091019268,0.019730052023930297,2,G2
MA,Formosa da Serra Negra,724679.77,239351.59,475038,6234.92,4055.26,140047.85,18917,0.3302860103297764,0.6555143660212841,0.008603689875322448,0.005595933773617,1,G1
BA,Formosa do Rio Preto,1300880.0299999998,386492.66,818989,87860.38,7537.99,2695149.18,25310,0.29710092482548145,0.6295653566147834,0.0675391872992316,0.0057945312605037075,1,G1
TO,Formoso do Araguaia,1327504.99,654814.5,644039,20194.14,8457.35,349562.25,18481,0.4932670723896865,0.4851499654249887,0.01521210101063349,0.0063708611746913285,2,G2
TO,Fortaleza do Tabocão,348770.97,112367.29,64046,170948.9,1408.78,187372.01,2576,0.3221807422790951,0.1836334027456471,0.4901465853078311,0.004039269667426736,3,G3
MA,Fortaleza dos Nogueiras,435492.43000000005,162016.66,259451,10138.0,3886.77,158584.43,12615,0.37203094437255774,0.595764661167589,0.023279394316911544,0.008925000142941633,1,G1
MA,Fortuna,234110.25,74977.54,151514,3491.39,4127.32,108188.22,15536,0.32026594307596523,0.6471908000610823,0.01491344355917778,0.01762981330377461,1,G1
PI,Gilbués,167235.96,52012.57,106979,5287.31,2957.08,226349.11,10685,0.31101307398241385,0.639688975983395,0.03161586778345997,0.017682082250731243,1,G1
TO,Goianorte,334198.95999999996,203978.61,123959,3801.0,2460.35,75365.42,5115,0.610350822156957,0.37091378141930786,0.011373464477567496,0.007361931946167637,2,G2
TO,Goiatins,689879.93,144151.61,537700,4721.78,3306.54,161618.19,12942,0.20895173744219517,0.7794109911271081,0.006844350436459283,0.004792920994237359,5,G5
MA,Gonçalves Dias,471776.00999999995,72995.99,387881,6370.73,4528.29,120877.05,17923,0.154725947171413,0.8221719455383075,0.013503717579874399,0.009598389710405157,5,G5
MA,Governador Archer,199553.49000000002,62552.33,134065,138.79,2797.37,77731.45,10793,0.31346146840127925,0.6718248826417418,0.000695502744652574,0.014018146212326327,1,G1
MA,Governador Edison Lobão,190762.46,68573.47,84467,31613.71,6108.28,257076.42,18068,0.3594704639476761,0.4427862798582069,0.16572291005263823,0.03202034614147878,6,G6
MA,Governador Eugênio Barros,304530.01999999996,55938.14,241044,3487.47,4060.41,97778.7,16771,0.18368678398274169,0.7915278762993547,0.011451974422751492,0.013333365295152184,5,G5
MA,Governador Luiz Rocha,192321.03,26257.44,162104,2138.37,1821.22,55519.64,7771,0.1365292188794954,0.8428823410523539,0.01111875284777749,0.009469687220373144,5,G5
MA,Graça Aranha,167137.78,18984.5,145531,1271.15,1351.13,44434.92,6262,0.11358592892642226,0.8707247397925233,0.007605401962380977,0.008083929318673492,5,G5
MA,Grajaú,1978841.3099999998,386536.69,1471716,101171.49,19417.13,751654.33,68876,0.19533485987312446,0.743726135371613,0.051126631270902674,0.009812373484359897,5,G5
TO,Guaraí,959811.57,238874.74,652533,53267.95,15135.88,651471.89,25676,0.24887670399722311,0.6798553178516071,0.05549834120045042,0.0157696369507194,1,G1
TO,Gurupi,557593.11,186711.7,150063,173881.4,46937.01,2202619.84,85737,0.33485295397570464,0.2691263527269912,0.31184280594858854,0.08417788734871563,6,G6
MA,Humberto de Campos,53128.380000000005,6378.04,32767,8563.61,5419.73,161349.04,28497,0.12004958555107458,0.6167513483377434,0.1611871094130858,0.10201195669809618,1,G1
MA,Igarapé Grande,85883.89,39173.22,38392,4614.06,3704.61,89017.33,11252,0.45611837097737423,0.44702213651477596,0.053724394644909544,0.04313509786294031,2,G2
MA,Imperatriz,1217486.75,158429.89,212990,557437.97,288628.89,7126745.97,258016,0.13012863589685886,0.17494235563549254,0.4578595783485939,0.2370694301190547,3,G3
TO,Ipueiras,194444.86000000002,86109.4,89779,11783.29,6773.17,30353.79,1976,0.44284739642899273,0.461719584667859,0.06059964763275306,0.03483337127039511,2,G2
TO,Itacajá,506337.17,161662.23,337767,3908.28,2999.66,99453.55,7414,0.31927782430035706,0.6670792112694394,0.007718730189213642,0.00592423424099005,1,G1
TO,Itaguatins,220999.76,110369.16,107860,873.29,1897.31,64203.03,5896,0.49940850614498405,0.4880548286568275,0.003951542752806609,0.008585122445381841,2,G2
MA,Itaipava do Grajaú,382050.25,61881.67,315268,1885.07,3015.51,84413.43,15897,0.1619725939192554,0.8252003499539655,0.004934089167589866,0.00789296695918927,5,G5
MA,Itapecuru Mirim,332933.24000000005,48376.98,203998,57650.46,22907.8,564546.9,67672,0.1453053471020196,0.6127294469005257,0.1731592195480391,0.06880598644941549,1,G1
TO,Itapiratins,372763.81,131128.97,237370,2986.34,1278.5,71019.5,3757,0.35177494832451683,0.6367839195548516,0.008011346380433229,0.003429785740198331,1,G1
TO,Itaporã do Tocantins,236218.90000000002,193765.04,40279,1031.32,1143.54,43126.17,2435,0.8202774629803119,0.17051556839863363,0.004365950396009802,0.00484101822504465,4,G4
MA,Itinga do Maranhão,1660611.19,227694.68,1391740,29303.1,11873.41,321167.19,25931,0.13711498595887459,0.8380890170925561,0.01764597286617104,0.007150024082398241,5,G5
BA,Jaborandi,926377.64,281619.88,609536,28656.16,6565.6,665555.42,8496,0.30400116306779595,0.6579778846993759,0.030933561824743525,0.007087390408084548,1,G1
MA,Jatobá,234616.72,58205.57,161493,9312.02,5606.13,64965.42,9993,0.24808790268656045,0.6883269018508144,0.03969035113950958,0.02389484432311559,1,G1
TO,Jaú do Tocantins,365353.00000000006,172609.04,189214,2426.01,1103.95,59958.54,3819,0.4724445673088766,0.5178936535350742,0.006640180866175999,0.003021598289873081,2,G2
MA,Jenipapo dos Vieiras,674038.72,124319.54,543717,2803.85,3198.33,93760.87,16432,0.1844397603745969,0.8066554396162879,0.004159775865695075,0.004745024143420129,5,G5
MA,João Lisboa,275011.51,172125.26,89570,6745.84,6570.41,216823.61,23695,0.6258838402799941,0.32569545907369474,0.024529300609999923,0.023891400036311208,2,G2
MA,Joselândia,204400.15,38361.39,158504,4088.55,3446.21,100482.81,16136,0.18767789553970485,0.7754593135083316,0.020002676123280733,0.016860114828682857,5,G5
TO,Juarina,96969.38,56152.57,38721,908.42,1187.39,30531.73,2202,0.579075270977292,0.3993116177498505,0.00936811187201568,0.012244999400841792,2,G2
PI,Júlio Borges,32342.72,28889.58,1243,959.93,1250.21,43181.85,5614,0.8932328511640333,0.03843214176173185,0.029679940338969632,0.03865506673526531,4,G4
MA,Lago do Junco,69727.09999999999,21980.73,44561,778.15,2407.22,69286.59,10807,0.3152394119359618,0.6390772024076723,0.011159936380546446,0.03452344927581959,1,G1
MA,Lago dos Rodrigues,52074.26,30434.13,16690,2303.39,2646.74,79721.28,8889,0.5844371096199926,0.32050383433197127,0.044232793706526025,0.050826262341509984,2,G2
MA,Lago Verde,136280.82,85385.21,44843,2270.94,3781.67,105582.44,16198,0.6265387161597649,0.3290485044043615,0.016663680186250713,0.027749099249622947,2,G2
TO,Lagoa da Confusão,1850545.2000000002,649070.58,1164326,32897.86,4250.76,483652.75,13033,0.35074559648691633,0.629179984363527,0.01777738798274152,0.0022970311668150554,1,G1
MA,Lagoa do Mato,263610.61,43342.03,216175,1989.32,2104.26,78351.5,11234,0.16441686470813902,0.8200542459197678,0.007546433734211229,0.007982455637881952,5,G5
TO,Lagoa do Tocantins,172451.67,28477.81,141436,1242.98,1294.88,39769.11,4236,0.16513502014796377,0.8201486248292057,0.007207700569092778,0.007508654453737676,5,G5
TO,Lajeado,309727.49,26918.13,25883,218475.57,38450.79,67656.56,3100,0.08690907610428768,0.08356700917958558,0.7053799777346209,0.12414393698150591,3,G3
MA,Lajeado Novo,330214.24999999994,96630.67,223679,7802.42,2102.16,75330.46,7496,0.2926302241650686,0.6773753706873644,0.02362835643828212,0.006366048709284957,1,G1
PI,Landri Sales,67555.96,21661.58,42574,1635.1,1685.28,77731.37,5307,0.32064646849811623,0.6302034639134726,0.02420363799137781,0.02494642959703333,1,G1
TO,Lavandeira,79285.20707752745,41371.33,22851,14252.187077527442,810.69,23723.86,1891,0.5218038966530778,0.28821265457067685,0.17975846444584836,0.010224984330397008,2,G2
MA,Lima Campos,91854.23,17077.32,68340,3293.73,3143.18,171593.58,11866,0.18591762186673386,0.744004930420733,0.035858228848034544,0.03421921886449868,5,G5
TO,Lizarda,153439.03999999998,48622.11,102167,1307.25,1342.68,42461.34,3747,0.3168822615157134,0.6658474922679392,0.008519670091783683,0.008750576124563867,1,G1
MA,Loreto,463131.12,91002.76,310002,58509.82,3616.54,221375.18,12098,0.1964945909918556,0.6693611951621822,0.12633532378476317,0.007808890061199084,1,G1
BA,Luís Eduardo Magalhães,924350.9600000001,211918.03,242229,436433.9,33770.03,6184172.78,84752,0.22926143766865345,0.262053062615957,0.4721517247085458,0.03653377500684372,3,G3
TO,Luzinópolis,71752.78,21605.25,46935,2123.3,1089.23,33685.6,3059,0.30110680032188303,0.6541209971237352,0.02959188480223345,0.015180317752148419,1,G1
MA,Magalhães de Almeida,85089.81,29471.92,39956,11004.3,4657.59,123112.4,19620,0.34636250803709634,0.4695744414049109,0.12932570891861198,0.05473734163938079,1,G1
PI,Manoel Emídio,86024.63,16429.82,66389,1538.62,1667.19,42088.65,5347,0.19098972003715678,0.7717440923605251,0.01788580782038818,0.019380379781929895,5,G5
BA,Mansidão,331444.85,39268.79,285573,3106.05,3497.01,76141.72,13546,0.11847759891276032,0.8616003537240057,0.00937124230471525,0.010550805058518787,5,G5
PI,Marcos Parente,24840.79,12552.76,8541,1872.83,1874.2,41801.34,4549,0.5053285342374377,0.3438296447093671,0.07539333491406673,0.07544848613912843,2,G2
TO,Marianópolis do Tocantins,481095.21,219571.6,255516,4705.77,1301.84,126362.49,5094,0.4563994723622378,0.5311131657286714,0.009781369471543898,0.002705992437546821,2,G2
MA,Mata Roma,63661.270000000004,11657.88,39559,7266.16,5178.23,146852.4,16678,0.1831235851876659,0.621398222184383,0.11413784236475331,0.08134035026319769,1,G1
TO,Mateiros,211492.76,72416.02,134747,3622.62,707.12,135482.42,2637,0.34240425062304736,0.6371234646519341,0.017128813298384303,0.0033434714266341787,1,G1
MA,Matões,485930.08,33177.5,437652,7423.58,7677.0,184877.03,33614,0.0682762836990869,0.9006480932400809,0.015277053851039639,0.015798569209792487,5,G5
MA,Matões do Norte,449841.97,46934.8,399787,27.19,3092.98,78770.41,16451,0.10433619610904693,0.8887276569591762,6.044344861818919e-05,0.006875703483158764,5,G5
TO,Maurilândia do Tocantins,135575.15,51525.93,82233,299.3,1516.92,36631.45,3402,0.3800543831225708,0.6065492090549043,0.002207631708318228,0.011188776114206772,1,G1
MA,Milagres do Maranhão,39909.079999999994,12041.63,25858,368.31,1641.14,53338.9,8445,0.30172657450384727,0.647922728361566,0.009228726896235143,0.041121970238351783,1,G1
TO,Miracema do Tocantins,580433.9400000001,261041.66,292501,17955.54,8935.74,526299.77,18566,0.4497353480053216,0.5039350386712396,0.030934683109674805,0.015394930213763858,2,G2
MA,Mirador,690446.4199999999,173850.85,500689,8033.25,7873.32,205928.67,20999,0.25179484600702257,0.7251670593063544,0.011634863716144694,0.011403230970478491,5,G5
MA,Miranda do Norte,487057.61,46731.33,78702,353392.42,8231.86,554676.85,28001,0.09594620644568104,0.1615866344845736,0.7255659551238712,0.016901203945874084,3,G3
TO,Miranorte,409807.95999999996,155431.09,179284,69691.48,5401.39,262797.71,13374,0.379277869566028,0.43748296153154276,0.1700588734293985,0.013180295473030833,6,G6
PI,Monte Alegre do Piauí,191013.06000000003,67324.7,114168,6946.94,2573.42,196143.77,10610,0.3524612400848402,0.5976973511654123,0.036368926815789446,0.013472481933957812,1,G1
TO,Monte do Carmo,580579.49,190268.68,386963,1327.79,2020.02,178179.42,7827,0.3277220144307888,0.6665116606168778,0.0022870081063318306,0.00347931684600157,1,G1
TO,Monte Santo do Tocantins,309019.0497618855,119111.82,176098,12736.979761885466,1072.25,35871.9,2263,0.3854513826632422,0.5698613083422923,0.041217458184859286,0.003469850809606145,1,G1
MA,Montes Altos,221866.98,85150.38,131838,2212.13,2666.47,66108.63,9208,0.38379023322893746,0.5942209156134906,0.009970523779608845,0.012018327377963137,1,G1
PI,Morro Cabeça no Tempo,26305.61,14391.67,10072,646.74,1195.2,31607.69,4532,0.5470950873216778,0.3828841072303588,0.02458563021347918,0.045435175234484204,2,G2
TO,Muricilândia,177039.34000000003,129890.83,45740,294.34,1114.17,43003.23,3513,0.7336834287791628,0.25836065588586127,0.0016625683308579885,0.006293347004117841,4,G4
TO,Natividade,574028.88,230067.51,314748,21545.46,7667.91,174675.26,9238,0.40079431195169135,0.5483138757757275,0.03753375614132864,0.01335805613125249,1,G1
TO,Nazaré,125808.45999999999,53294.18,43039,18410.68,11064.6,306086.45,15045,0.42361364251656847,0.3420994104847957,0.14633896639383395,0.08794798060480194,6,G6
MA,Nina Rodrigues,25897.37,14114.73,8194,759.82,2828.82,72459.96,14263,0.5450256145701282,0.3164027853021369,0.029339658814775404,0.10923194131295959,2,G2
MA,Nova Colinas,165999.57,74082.06,89188,1517.85,1211.66,57284.11,5340,0.44627862590246464,0.5372785001792474,0.009143698384278946,0.007299175534008913,2,G2
MA,Nova Iorque,75488.18999999999,16916.46,56360,833.62,1378.11,38728.44,4682,0.22409412651171,0.7466068533369261,0.011043051899906463,0.018255968251457613,5,G5
TO,Nova Olinda,544982.1200000001,185140.91,203035,141908.94,14897.27,264337.21,11719,0.3397192370274459,0.3725535068930334,0.2603919189128626,0.027335337166657866,6,G6
TO,Nova Rosalândia,130806.45,47678.22,79530,2418.55,1179.68,55045.83,4214,0.3644944113994379,0.6079975414056417,0.018489531670647742,0.009018515524272696,1,G1
TO,Novo Acordo,295794.36,33323.7,257180,3712.11,1578.55,52415.08,4286,0.11265833466195907,0.86945538785797,0.012549630763750872,0.005336646716320082,5,G5
TO,Novo Alegre,44702.81,39939.42,2506,1224.78,1032.61,27361.43,2332,0.8934431638637482,0.056059115746862447,0.02739827764742306,0.023099442741966333,4,G4
TO,Novo Jardim,79992.01999999999,25296.17,53576,20.56,1099.29,29210.06,2698,0.31623366930851354,0.6697668092392217,0.00025702563830742116,0.013742495813957444,1,G1
MA,Olho d'Água das Cunhãs,177261.15,118728.42,46095,7041.34,5396.39,150680.8,19448,0.6697938042261375,0.260040059539273,0.039722973702923624,0.030443162531665853,4,G4
TO,Oliveira de Fátima,38742.74,20982.51,17320,10.54,429.69,20322.14,1105,0.5415855977145654,0.44705149919701087,0.00027205097006561743,0.011090852118358176,2,G2
TO,Palmas,976339.1799999999,169102.56,302847,371447.22,132942.4,9425131.95,291854,0.17320062890439367,0.31018626129497334,0.38044895422510855,0.1361641555755245,6,G6
PI,Palmeira do Piauí,246102.07,27264.74,209146,7681.82,2009.51,70830.6,5051,0.11078630911149996,0.8498343796945714,0.03121395931371077,0.00816535188021783,5,G5
TO,Palmeirante,682307.49,138823.12,540830,1101.16,1553.21,95872.97,5919,0.20346122830924807,0.7926484875609383,0.001613876464993811,0.00227640766481986,5,G5
TO,Palmeiras do Tocantins,198939.42,66887.69,128199,736.28,3116.45,68754.15,6570,0.33622139845386095,0.6444122537403597,0.0037010261716858323,0.015665321634093433,1,G1
TO,Palmeirópolis,242585.23,122346.32,110685,6651.2,2902.71,118770.19,7641,0.5043436486219709,0.45627262632601334,0.027417992430948907,0.01196573262106683,2,G2
MA,Paraibano,170699.72,40714.48,111218,10662.38,8104.86,137323.53,21290,0.23851521256156719,0.6515417834311621,0.06246278552770912,0.04748021847956165,1,G1
TO,Paraíso do Tocantins,462392.3500000001,168016.92,121641,144590.54,28143.89,1230449.71,50601,0.3633644025468846,0.2630687986079354,0.3127009778600359,0.06086582098514388,6,G6
TO,Paranã,831596.34,254307.95,566700,7173.93,3414.46,215335.6,10460,0.30580696158427056,0.6814604306700052,0.008626697419086766,0.004105910326637561,1,G1
BA,Paratinga,103374.05,78460.58,8824,8296.27,7793.2,215631.28,31852,0.7589968662348046,0.08535991382750313,0.0802548608669197,0.0753883590707726,4,G4
PI,Parnaguá,146974.45000000004,83809.33,51444,2362.7,9358.42,90082.55,10761,0.5702306081090963,0.35002002048655384,0.016075583205108095,0.06367378819924141,2,G2
MA,Parnarama,767823.05,132647.88,619688,8043.56,7443.61,228831.83,34805,0.17275839791472788,0.807071368852498,0.010475799078967478,0.00969443415380666,5,G5
MA,Passagem Franca,276267.7,54534.5,211825,5369.15,4539.05,147174.5,18898,0.1973973070322734,0.766738203561256,0.019434591883162596,0.01642989752330801,5,G5
MA,Pastos Bons,210928.39,51766.73,137241,15953.53,5967.13,197064.65,19358,0.245423245301403,0.6506521004593075,0.07563481615727499,0.02828983808201447,1,G1
TO,Pau D'Arco,881759.64,406941.38,455885,15312.64,3620.62,69062.53,4831,0.4615105540552979,0.5170173132442306,0.017366002372256457,0.0041061303282150675,2,G2
MA,Paulino Neves,44693.15,14840.6,20463,5817.76,3571.79,103162.79,15900,0.33205535971396066,0.4578553984223533,0.1301711783573098,0.07991806350637626,6,G6
MA,Pedreiras,142602.4,52146.71,56359,20924.32,13172.37,602134.5,39267,0.3656790488799628,0.39521775229589406,0.14673189231036785,0.09237130651377537,6,G6
TO,Pedro Afonso,731237.1900000001,352915.09,339139,33487.23,5695.87,533117.45,13380,0.48262738113743914,0.46378795367341746,0.04579530480390364,0.007789360385239705,2,G2
TO,Peixe,978734.17,440161.83,528766,6501.22,3305.12,528257.62,11622,0.449725618550745,0.540254970356251,0.006642477803753393,0.0033769332892505427,2,G2
TO,Pequizeiro,258657.12999999998,215874.05,37077,3369.62,2336.46,75466.2,5442,0.8345953966163624,0.1433442024196279,0.013027361743324068,0.009033039220685702,4,G4
MA,Peritoró,259937.09,57469.99,142460,54562.9,5444.2,217807.19,23024,0.22109191881774162,0.5480556853198595,0.20990809737848493,0.020944298483913933,1,G1
TO,Pindorama do Tocantins,235224.55,98093.05,134033,1440.88,1657.62,53085.64,4464,0.4170187593089242,0.5698087210709937,0.006125551095750848,0.007046968524331325,1,G1
MA,Pio XII,167007.56,57601.43,98489,4780.1,6137.03,159289.62,21593,0.34490312893619907,0.5897277943585308,0.028622057588291214,0.0367470191169789,1,G1
MA,Pirapemas,313632.41000000003,54324.71,252669,2308.78,4329.92,116526.8,18526,0.17321140375766647,0.8056214598484894,0.0073614203328029775,0.013805716061041012,5,G5
TO,Piraquê,325238.75000000006,179011.51,134377,10785.84,1064.4,51536.97,3022,0.5504003136157668,0.41316417554796275,0.03316283806895703,0.003272672767313243,2,G2
TO,Pium,1345651.1199999999,430480.16,907845,4750.66,2575.3,157353.52,7564,0.3199047313244164,0.6746510938139747,0.003530380147864775,0.0019137947137442286,1,G1
MA,Poção de Pedras,257248.98,112863.46,136063,3197.52,5125.0,149105.24,18156,0.43873239069791453,0.5289156054185327,0.012429670275077475,0.019922333608475336,2,G2
TO,Ponte Alta do Bom Jesus,376667.05000000005,66142.82,307572,1342.95,1609.28,47221.0,4601,0.175600228371449,0.8165620008439813,0.003565350353846985,0.00427242043072257,5,G5
TO,Ponte Alta do Tocantins,491754.5999999999,130140.34,354972,4546.97,2095.29,84181.37,7961,0.2646448858841382,0.7218478485000447,0.009246420877405114,0.004260844738412209,1,G1
PI,Porto Alegre do Piauí,42547.123479252834,12819.34,13803,14911.563479252833,1013.22,22739.95,2700,0.30129745448599055,0.32441676125838986,0.35047171841180114,0.023814065843818427,6,G6
TO,Porto Alegre do Tocantins,90923.62,18047.22,70886,433.75,1556.65,31090.82,3108,0.19848769769615424,0.7796214009077069,0.004770487580674857,0.017120413815464013,5,G5
MA,Porto Franco,508377.11999999994,191109.58,296314,12430.12,8523.42,526542.18,23674,0.3759208911683516,0.5828625804402843,0.024450588964349936,0.01676593942701434,1,G1
TO,Porto Nacional,835777.86,282882.12,397404,131966.99,23524.75,1677465.15,52699,0.3384656779494015,0.47548998246974383,0.1578972072794558,0.028147132301398845,6,G6
TO,Praia Norte,140642.81000000003,47316.83,90680,455.19,2190.79,72133.79,8364,0.33643262673719326,0.6447538981907428,0.003236496767947113,0.015576978304116645,1,G1
MA,Presidente Dutra,302416.89,134032.99,105713,41471.84,21199.06,688878.62,36199,0.4432060325731145,0.349560502391252,0.13713466863573656,0.07009879639989684,2,G2
TO,Presidente Kennedy,324323.69999999995,211812.97,90510,16456.28,5544.45,49311.52,3691,0.6530912480339859,0.2790730372155967,0.05074029434173328,0.017095420408684288,4,G4
MA,Presidente Vargas,27073.8,8807.88,15020,778.47,2467.45,69909.81,11124,0.32532854641756975,0.5547798979086792,0.02875362896970503,0.09113792670404597,1,G1
MA,Primeira Cruz,30672.958611666512,4384.03,4560,18932.978611666513,2795.95,74481.63,15197,0.14292817512336506,0.14866515022993562,0.6172530942113071,0.09115358043539222,3,G3
TO,Pugmil,87010.62,33631.93,31224,20956.62,1198.07,56495.01,2659,0.38652672512849584,0.3588527469405459,0.2408512891874578,0.013769238743500506,6,G6
TO,Recursolândia,239334.94,74416.69,162022,1435.63,1460.62,43096.96,4243,0.31093115781590436,0.6769676003010676,0.0059984137710941835,0.006102828111933844,1,G1
PI,Redenção do Gurguéia,84722.5,26181.29,51186,4554.67,2800.54,73762.82,8757,0.30902404910147835,0.6041606420962554,0.05375986308241613,0.0330554457198501,1,G1
MA,Riachão,1140650.15,266547.0,843848,22999.71,7255.44,353041.9,20242,0.2336798886144012,0.7397956332184764,0.02016368471963117,0.006360793447491328,5,G5
BA,Riachão das Neves,682290.5599999999,252315.98,415929,7513.62,6531.96,978802.93,22342,0.36980722699724883,0.6096068513684259,0.011012346411476073,0.009573575222849339,1,G1
TO,Riachinho,493374.29000000004,183023.17,301952,5208.65,3190.47,47039.09,4604,0.3709621147871325,0.6120140552925852,0.010557197862904448,0.006466632057377776,1,G1
PI,Riacho Frio,111571.0,31359.03,78347,448.58,1416.39,37430.58,4315,0.28106792983839884,0.7022165257997149,0.004020578824246444,0.01269496553763971,1,G1
MA,Ribamar Fiquene,218256.02,120370.15,92558,2509.3,2818.57,82678.28,7754,0.5515089572328864,0.42407994061286375,0.011497048283021016,0.012914053871228846,2,G2
PI,Ribeiro Gonçalves,356411.68,74797.42,249467,29738.95,2408.31,399082.36,7304,0.2098624265063367,0.6999405855610569,0.08343988614514541,0.006757101787461062,5,G5
TO,Rio da Conceição,24923.27670087686,2871.55,6071,15071.496700876862,909.23,21102.46,2088,0.1152155888033363,0.2435875536295919,0.6047156993745775,0.03648115819249445,3,G3
TO,Rio dos Bois,199045.84,44218.27,152706,1063.97,1057.6,50428.26,2810,0.22215118889196578,0.767190110579553,0.005345351603429642,0.005313348925051636,5,G5
TO,Rio Sono,673350.49,102493.28,567728,1372.94,1756.27,65715.56,6467,0.1522138641348579,0.8431389126931503,0.002038967848675658,0.0026082553233160934,5,G5
MA,Sambaíba,331875.99,83175.69,244121,3231.93,1347.37,254370.03,5663,0.25062280040204177,0.7355789733388065,0.009738366430183757,0.0040598598289680425,5,G5
TO,Sampaio,92780.36,23862.99,66477,881.64,1558.73,39336.17,4627,0.2571987217984496,0.7164986210443676,0.009502442111671047,0.016800215045511786,1,G1
TO,Sandolândia,548688.9500000001,333442.03,210708,3089.01,1449.91,70750.98,3377,0.6077068437408845,0.3840208555320824,0.005629801730105919,0.0026424989969271295,2,G2
TO,Santa Fé do Araguaia,314146.81,237843.23,66827,6317.2,3159.38,113660.62,7425,0.7571085315174775,0.2127253814864458,0.020109069387016853,0.010057017609059917,4,G4
PI,Santa Filomena,514892.11000000004,101732.28,390218,17457.45,5484.38,322460.44,6251,0.19757979977591808,0.7578636231190258,0.033905064111392186,0.010651512993663856,5,G5
MA,Santa Filomena do Maranhão,193006.1,41533.12,147417,2088.45,1967.53,50028.55,7719,0.21519071158890835,0.7637945121941742,0.01082064245637832,0.010194133760539174,5,G5
PI,Santa Luz,74109.56,28376.95,43182,921.58,1629.03,47510.2,5836,0.38290539034370197,0.5826778623432659,0.01243537271034938,0.02198137460268284,1,G1
BA,Santa Maria da Vitória,224197.52000000002,143248.63,34782,30410.5,15756.39,466208.91,39919,0.6389394048604997,0.15513998549136493,0.13564155392976693,0.07027905571836833,4,G4
TO,Santa Maria do Tocantins,367573.24999999994,66182.22,299365,1068.49,957.54,52881.04,3381,0.1800517855964764,0.8144363062328395,0.0029068763845029534,0.002605031786181394,5,G5
MA,Santa Quitéria do Maranhão,99325.78,23697.89,60559,9055.73,6013.16,185179.74,25519,0.23858750467401313,0.6097007242228554,0.09117199985743882,0.06053977124569271,1,G1
BA,Santa Rita de Cássia,620499.38,185491.36,414760,10607.12,9640.9,225131.13,28191,0.29893883213872025,0.6684293544338432,0.017094489280553352,0.015537324146883112,1,G1
TO,Santa Rita do Tocantins,947315.69,232941.61,685478,27977.24,918.84,91188.28,2343,0.24589649729120394,0.723600387110658,0.02953317494403582,0.00096994065410233,5,G5
TO,Santa Rosa do Tocantins,367805.27,100211.52,260718,5350.65,1525.1,149490.09,4811,0.27245808631290136,0.7088479183563628,0.014547507706999412,0.004146487623736332,1,G1
TO,Santa Tereza do Tocantins,86474.99,36258.58,48040,1475.7,700.71,32080.33,2833,0.4192955674235984,0.5555363464048969,0.017065049675056336,0.00810303649644828,1,G1
TO,Santa Terezinha do Tocantins,83528.16745677323,22994.56,44778,15028.517456773228,727.09,28790.98,2528,0.2752910868288826,0.5360826337196147,0.17992155118871314,0.008704728262789643,1,G1
BA,Santana,394699.94,159486.84,91768,87219.23,56225.87,249742.23,26517,0.4040711027217283,0.23250066873585032,0.22097604068548882,0.14245218785693253,6,G6
MA,Santana do Maranhão,77923.24,22032.38,52978,744.38,2168.48,64832.58,13222,0.2827446600013038,0.6798741941428513,0.009552734203557244,0.027828411652287558,1,G1
MA,Santo Amaro do Maranhão,21115.8,5935.61,11460,946.44,2773.75,79255.22,15653,0.28109804032998986,0.5427215639473759,0.044821413349245595,0.13135898237338864,1,G1
MA,Santo Antônio dos Lopes,3238329.59,46121.43,221223,2967252.35,3732.81,1914172.94,14533,0.014242352026928798,0.06831392353735063,0.9162910283014152,0.0011526961343054647,3,G3
MA,São Benedito do Rio Preto,36722.53,6329.09,20997,4913.85,4482.59,118462.77,18607,0.17234896397388744,0.5717743303634036,0.13381022494909803,0.12206648071361097,1,G1
TO,São Bento do Tocantins,434313.82999999996,62330.18,315827,54608.23,1548.42,53150.87,5255,0.14351414966454099,0.7271861455574649,0.12573449480068366,0.003565209977310647,5,G5
MA,São Bernardo,81284.90999999999,39554.53,21042,14177.4,6510.98,254393.43,28342,0.48661590447722713,0.2588672362434799,0.17441613701731357,0.0801007222619795,6,G6
BA,São Desidério,1577369.61,487069.25,962868,118862.1,8570.26,3645980.96,33193,0.30878574489589666,0.6104263667156615,0.07535462788585105,0.0054332605025907655,1,G1
MA,São Domingos do Azeitão,250909.78999999998,40688.02,174674,33523.55,2024.22,217717.0,7363,0.16216194672993828,0.6961625530833213,0.1336079791864638,0.008067521000276634,5,G5
MA,São Domingos do Maranhão,475454.76,118658.24,317573,29365.76,9857.76,290937.99,34368,0.24956788738428026,0.6679352626525392,0.06176352088682422,0.020733329076356288,1,G1
MA,São Félix de Balsas,160199.94,34147.29,124550,665.06,837.59,46713.32,4608,0.21315419968322086,0.7774659591008586,0.004151437260213705,0.00522840395570685,5,G5
BA,São Félix do Coribe,141313.75999999998,99040.17,13559,20950.02,7764.57,214330.55,15310,0.7008529813374155,0.09594960887036055,0.14825180506130475,0.05494560473091934,4,G4
TO,São Félix do Tocantins,19721.3,7654.0,10629,692.19,746.11,21497.07,1572,0.388108289007317,0.5389604133601741,0.03509859897674089,0.03783269865576813,1,G1
MA,São Francisco do Brejão,227192.55000000002,139624.76,65125,18005.45,4437.34,102538.69,11652,0.6145657505054634,0.2866511247838012,0.07925193849886362,0.019531186211871825,2,G2
MA,São Francisco do Maranhão,165366.65,40825.29,121158,829.5,2553.86,74646.56,12200,0.2468774084738368,0.7326628434451566,0.005016126286648487,0.015443621794358174,5,G5
PI,São Gonçalo do Gurguéia,73279.67,14649.45,56787,952.96,890.26,32269.84,3024,0.19991151706878593,0.7749352583056119,0.013004425374732174,0.01214879925086999,5,G5
MA,São João do Paraíso,785033.2800000001,233635.57,527291,16542.18,7564.53,123747.32,11162,0.29761231269074345,0.6716798044536404,0.02107194742113353,0.009635935434482469,1,G1
MA,São João do Soter,523956.6,20004.62,497674,2873.87,3404.11,102083.51,18438,0.03817991795503673,0.949838211790824,0.005484939019758507,0.006496931234380864,5,G5
MA,São João dos Patos,272842.78,49132.54,202950,11526.93,9233.31,267000.88,25860,0.18007637951790403,0.743834966056276,0.0422475170499289,0.03384113737589097,5,G5
MA,São José dos Basílios,144384.83,31864.94,109810,1077.74,1632.15,50523.42,7642,0.22069451479078517,0.7605369622279571,0.007464357578285753,0.011304165402972044,5,G5
MA,São Luís Gonzaga do Maranhão,342459.01999999996,132276.96,203907,1936.45,4338.61,138196.44,18988,0.38625631761721446,0.5954201469127606,0.0056545451774054605,0.012668990292619538,1,G1
MA,São Mateus do Maranhão,307875.48,79197.99,203612,12189.48,12876.01,344585.8,41350,0.257240329759291,0.6613452945327117,0.03959224034340117,0.04182213536459611,1,G1
TO,São Miguel do Tocantins,136872.69,38413.39,93894,1379.37,3185.93,105746.34,11966,0.2806505081473886,0.6859951389864553,0.010077759120537485,0.023276593745618645,1,G1
MA,São Pedro da Água Branca,157509.41,54519.7,95875,3122.53,3992.18,97408.33,12644,0.3461361451357096,0.6086937916915567,0.019824402872183955,0.02534566030054966,1,G1
MA,São Pedro dos Crentes,233286.67,109509.63,119561,2736.07,1479.97,53609.05,4650,0.4694208631809096,0.51250677974871,0.011728359790124314,0.00634399728025609,2,G2
MA,São Raimundo das Mangabeiras,493527.20000000007,199709.03,225191,63023.78,5603.39,417333.5,18755,0.40465658225119094,0.456288934024305,0.12770072247284445,0.011353761251659482,2,G2
MA,São Raimundo do Doca Bezerra,96507.47,19368.06,74979,573.94,1586.47,38455.46,5345,0.2006897497157474,0.7769243147706597,0.005947104405493171,0.016438831108099714,5,G5
MA,São Roberto,60096.08,16631.57,40732,865.41,1867.1,41077.09,6649,0.2767496648699882,0.6777813128576772,0.014400440095260788,0.031068582177073777,1,G1
TO,São Salvador do Tocantins,146404.72,52836.21,91834,819.75,914.76,36647.83,3070,0.3608914384727487,0.6272611975898045,0.0055992047250935624,0.006248159212353263,1,G1
TO,São Sebastião do Tocantins,87342.99,54384.29,31130,291.67,1537.03,46314.56,4756,0.6226520296591632,0.3564109724203396,0.003339363582584017,0.017597634337913094,2,G2
TO,São Valério,357613.24,119342.72,227282,9324.14,1664.38,91599.82,4017,0.33372008262333913,0.6355525315561583,0.026073251650302432,0.004654134170200186,1,G1
MA,Satubinha,91087.3,40884.91,46020,1748.31,2434.08,71397.46,13729,0.4488541212660821,0.5052295984182208,0.019193784424392863,0.026722495891304276,2,G2
PI,Sebastião Barros,110884.28,34532.3,74809,692.42,850.56,38283.63,3488,0.3114264709118371,0.6746583014292017,0.006244528079183091,0.007670699579778125,1,G1
PI,Sebastião Leal,320666.55000000005,36366.96,280266,2962.03,1071.56,148950.96,4285,0.11341051943210165,0.8740107129976605,0.009237103152792206,0.0033416644174454734,5,G5
MA,Senador Alexandre Costa,217462.29,32250.75,175134,7568.09,2509.45,81235.33,11067,0.1483050233674997,0.8053534247248109,0.03480185001270795,0.011539701894981423,5,G5
MA,Senador La Rocque,272670.16,177775.02,82657,6569.36,5668.78,145403.17,14366,0.651978272943398,0.30313914804612285,0.024092698665669907,0.020789880344809275,4,G4
BA,Serra do Ramalho,188159.54,156965.76,12562,11772.33,6859.45,281390.64,31532,0.834216325146203,0.06676249314810187,0.06256568229280322,0.03645549941289184,4,G4
BA,Serra Dourada,172041.12,153980.59,8646,4191.11,5223.42,143661.41,17452,0.8950220156669522,0.050255427307146106,0.02436109460342969,0.030361462422472025,4,G4
TO,Silvanópolis,192875.55,89774.4,87536,13739.03,1826.12,155721.55,5378,0.4654524640370436,0.4538470531905159,0.0712326160573489,0.009467866715091675,2,G2
BA,Sítio do Mato,88304.51,79360.18,3925,413.38,4605.95,94716.47,12965,0.8987103829691144,0.04444846588243341,0.004681301102287981,0.05215985004616412,4,G4
MA,Sítio Novo,870424.31,279966.63,576678,7842.28,5937.4,152591.71,18000,0.3216438543633966,0.662525153967724,0.009009720787784522,0.0068212708810947605,1,G1
TO,Sítio Novo do Tocantins,121287.11000000002,76075.21,36830,5966.02,2415.88,102146.61,9077,0.6272324404464744,0.3036596386870789,0.04918923371164503,0.019918687154801527,2,G2
TO,Sucupira,177974.99000000002,117708.87,59221,139.48,905.64,64189.92,1946,0.6613787139417734,0.33274900029492904,0.0007837056206605208,0.005088580142636894,2,G2
MA,Sucupira do Norte,275410.43,34257.19,234966,3641.67,2545.57,77724.76,10638,0.12438595735099794,0.8531485172874536,0.013222701841756683,0.009242823519791898,5,G5
MA,Sucupira do Riachão,63379.18000000001,17121.52,44132,1248.5,877.16,40974.11,5644,0.27014423348487626,0.6963169924255883,0.019698897966177534,0.013839876123357858,1,G1
BA,Tabocas do Brejo Velho,300116.52999999997,60143.34,226787,10003.59,3182.6,151196.62,12517,0.2003999579763234,0.7556631419135761,0.03333235260317051,0.01060454750693006,5,G5
TO,Taguatinga,395144.30999999994,209147.46,168056,12852.6,5088.25,242256.36,16537,0.5292938673468436,0.42530284695229453,0.03252634461571774,0.012876941085144313,2,G2
TO,Taipas do Tocantins,75111.24,31307.14,42517,398.57,888.53,23183.13,2131,0.4168103202663143,0.566053762392952,0.005306396219793469,0.011829521120940087,1,G1
TO,Talismã,363939.0800000001,200425.42,143902,12270.96,7340.7,82308.56,2772,0.5507114542356923,0.3954013402462851,0.033717071549447225,0.020170133968575175,2,G2
MA,Tasso Fragoso,439051.3300000001,168598.92,251155,16697.28,2600.13,1164694.95,8459,0.3840073095781306,0.5720401758035899,0.03803035968482318,0.005922154933456185,1,G1
MA,Timbiras,266650.65,19650.78,235977,3617.08,7405.79,167897.43,29063,0.07369485129700601,0.8849669033246309,0.013564864739688426,0.027773380638674607,5,G5
MA,Timon,297834.46,49972.79,131771,60707.27,55383.4,1867974.13,167973,0.1677871324896387,0.44243033529431075,0.20382889877820046,0.18595363343784999,6,G6
TO,Tocantínia,150840.75999999998,35434.28,111784,1689.15,1933.33,71895.46,7471,0.23491183682712818,0.7410729036369216,0.011198233156608336,0.01281702637934203,5,G5
TO,Tocantinópolis,225093.93000000002,42855.2,158832,14176.95,9229.78,295668.77,22895,0.19038807488056206,0.7056254249059492,0.06298237362509064,0.041004126588398006,5,G5
MA,Trizidela do Vale,112063.63,33142.1,59551,11810.32,7560.21,281757.65,21885,0.2957435878170286,0.5314034535558058,0.10538941135495968,0.06746354727220598,1,G1
MA,Tuntum,892360.37,247827.99,624036,9499.17,10997.21,313330.58,41621,0.2777218692488551,0.6993094056832667,0.01064499312088456,0.012323731946993566,1,G1
TO,Tupirama,199926.19,50809.79,147866,694.18,556.22,49161.63,1860,0.2541427413787058,0.7396029504688705,0.0034721814085488245,0.002782126743874827,5,G5
TO,Tupiratins,197729.35308734584,39238.27,143188,14381.503087345875,921.58,29765.71,2613,0.1984443350839605,0.7241615762367234,0.07273327334962212,0.004660815329694106,5,G5
MA,Tutóia,82827.39,25291.54,25102,20340.35,12093.5,408955.52,58311,0.30535237196294607,0.30306399851546695,0.24557516541327692,0.14600846410831006,6,G6
MA,Urbano Santos,61787.53999999999,7088.74,38858,7670.38,8170.42,191042.62,32775,0.1147276619201865,0.628897023574656,0.12414121034758789,0.13223410415756964,5,G5
PI,Uruçuí,1514413.5700000003,198598.6,1127281,178834.88,9699.09,1703352.8,21457,0.13113894641078788,0.7443679998192302,0.11808853508886609,0.00640451868111562,5,G5
MA,Vargem Grande,260570.19999999998,71242.44,164235,12589.46,12503.3,325705.49,55841,0.27340977594521554,0.6302908007132052,0.04831504139767326,0.0479843819439061,1,G1
MA,Vila Nova dos Martírios,479781.94000000006,148923.28,322760,4062.88,4035.78,110572.42,13183,0.31039784448743524,0.6727222787919027,0.008468180357101394,0.008411696363560496,1,G1
TO,Wanderlândia,245006.55000000002,60698.89,149267,31436.07,3604.59,140613.09,11630,0.24774394806995975,0.6092367734658521,0.12830705954595906,0.01471221891822892,1,G1
BA,Wanderley,201133.73,169750.44,20806,6755.25,3822.04,127563.38,12298,0.8439680405668407,0.10344361435548378,0.033585863494899636,0.019002481582775798,4,G4
TO,Xambioá,419110.41,179673.62,221741,13567.41,4128.38,290954.4,11560,0.4287023555439723,0.5290753813535675,0.03237192318845051,0.009850339914009772,2,G2
